Timestamp,GPU_Power_W,GPU_Util_Pct,GPU_Temp_C,GPU_Mem_MB,CPU_Util_Pct
2026-10-09 11:34:43,18.72,1.0,37.0,1406,3.1
2026-10-09 11:34:44,18.28,0.0,37.0,1407,10.9
2026-10-09 11:34:45,18.31,1.0,37.0,1407,9.6
2026-10-09 11:34:46,18.26,1.0,37.0,1406,6.8
2026-10-09 11:34:47,18.25,1.0,37.0,1405,6.9
2026-10-09 11:34:48,18.89,1.0,37.0,1415,11.7
2026-10-09 11:34:49,17.67,0.0,37.0,1410,3.6
2026-10-09 11:34:50,18.05,0.0,37.0,1408,5.8
2026-10-09 11:34:51,18.29,1.0,37.0,1408,6.0
2026-10-09 11:34:52,18.17,1.0,37.0,1412,5.6
2026-10-09 11:34:53,18.17,1.0,37.0,1411,3.5
2026-10-09 11:34:54,18.15,1.0,37.0,1411,6.1
2026-10-09 11:34:55,18.17,0.0,37.0,1411,4.7
2026-10-09 11:34:56,18.67,0.0,37.0,1417,10.7
2026-10-09 11:34:57,18.26,1.0,37.0,1414,7.9
2026-10-09 11:34:58,18.32,1.0,37.0,1413,9.8
2026-10-09 11:34:59,18.56,1.0,37.0,1413,6.8
2026-10-09 11:35:00,18.40,2.0,37.0,1413,12.3
2026-10-09 11:35:02,18.37,0.0,37.0,1414,7.0
2026-10-09 11:35:03,18.39,1.0,37.0,1418,9.0
2026-10-09 11:35:04,18.27,0.0,37.0,1418,5.9
2026-10-09 11:35:05,18.46,1.0,37.0,1418,6.6
2026-10-09 11:35:06,18.33,1.0,37.0,1422,4.0
2026-10-09 11:35:07,18.38,1.0,37.0,1426,6.2
2026-10-09 11:35:08,18.56,1.0,37.0,1422,10.4
2026-10-09 11:35:09,18.66,0.0,37.0,1426,8.8
2026-10-09 11:35:10,18.76,1.0,37.0,1438,10.9
2026-10-09 11:35:11,19.10,1.0,37.0,1433,6.6
2026-10-09 11:35:12,18.59,0.0,37.0,1447,7.2
2026-10-09 11:35:13,36.35,0.0,38.0,1438,3.4
2026-10-09 11:35:14,50.72,0.0,38.0,1438,4.7
2026-10-09 11:35:15,50.74,0.0,38.0,1434,4.7
2026-10-09 11:35:16,50.60,0.0,38.0,1483,17.4
2026-10-09 11:35:17,35.96,0.0,37.0,1477,3.4
2026-10-09 11:35:18,29.10,0.0,37.0,1479,3.8
2026-10-09 11:35:19,20.06,0.0,37.0,1479,2.6
2026-10-09 11:35:20,18.12,1.0,37.0,1478,3.4
2026-10-09 11:35:21,43.33,0.0,38.0,1478,5.6
2026-10-09 11:35:22,50.61,0.0,38.0,1473,4.5
2026-10-09 11:35:23,50.70,0.0,38.0,1473,1.3
2026-10-09 11:35:24,44.92,0.0,37.0,1471,6.6
2026-10-09 11:35:25,33.54,0.0,37.0,1421,6.5
2026-10-09 11:35:26,32.69,1.0,37.0,1421,5.5
2026-10-09 11:35:27,28.86,0.0,37.0,1421,3.4
2026-10-09 11:35:28,19.93,1.0,37.0,1416,5.7
2026-10-09 11:35:29,21.02,0.0,38.0,1438,13.2
2026-10-09 11:35:31,49.76,0.0,38.0,1439,6.8
2026-10-09 11:35:32,50.20,0.0,38.0,1435,8.3
2026-10-09 11:35:33,50.70,0.0,38.0,1435,6.7
2026-10-09 11:35:34,36.11,0.0,37.0,1434,10.1
2026-10-09 11:35:35,32.11,0.0,37.0,1432,6.1
2026-10-09 11:35:36,28.94,0.0,37.0,1405,1.1
2026-10-09 11:35:37,19.75,0.0,37.0,1404,5.3
2026-10-09 11:35:38,22.67,0.0,38.0,1409,8.6
2026-10-09 11:35:39,50.67,0.0,38.0,1408,9.4
2026-10-09 11:35:40,50.71,0.0,38.0,1408,7.8
2026-10-09 11:35:41,50.74,0.0,38.0,1408,6.0
2026-10-09 11:35:42,36.06,0.0,37.0,1408,6.5
2026-10-09 11:35:43,33.56,0.0,37.0,1403,13.9
2026-10-09 11:35:44,33.02,1.0,37.0,1404,5.1
2026-10-09 11:35:45,32.80,9.0,38.0,1436,27.7
2026-10-09 11:35:46,23.38,7.0,37.0,1425,20.5
2026-10-09 11:35:47,21.31,2.0,37.0,1431,16.7
2026-10-09 11:35:48,20.79,3.0,37.0,1424,14.6
2026-10-09 11:35:49,24.14,12.0,38.0,1431,12.9
2026-10-09 11:35:50,50.51,0.0,38.0,1427,5.5
2026-10-09 11:35:51,50.69,0.0,38.0,1428,7.4
2026-10-09 11:35:52,50.86,0.0,38.0,1428,4.4
2026-10-09 11:35:53,45.22,1.0,38.0,1427,3.0
2026-10-09 11:35:54,33.49,0.0,37.0,1427,6.5
2026-10-09 11:35:55,31.63,0.0,37.0,1427,4.4
2026-10-09 11:35:56,25.11,0.0,37.0,1488,12.3
2026-10-09 11:35:57,17.65,1.0,37.0,1493,5.3
2026-10-09 11:35:58,18.08,3.0,37.0,1492,7.0
2026-10-09 11:35:59,18.16,1.0,37.0,1497,2.1
2026-10-09 11:36:01,18.37,2.0,37.0,1496,3.6
2026-10-09 11:36:02,18.21,1.0,37.0,1495,2.8
2026-10-09 11:36:03,18.15,1.0,37.0,1495,5.7
2026-10-09 11:36:04,18.66,2.0,37.0,1498,4.2
2026-10-09 11:36:05,18.58,4.0,37.0,1502,5.9
2026-10-09 11:36:06,22.05,2.0,37.0,1456,3.8
2026-10-09 11:36:07,21.33,2.0,37.0,1474,6.6
2026-10-09 11:36:08,18.39,1.0,37.0,1497,6.4
2026-10-09 11:36:09,21.62,1.0,37.0,1502,11.2
2026-10-09 11:36:10,22.69,2.0,37.0,1472,16.7
2026-10-09 11:36:11,21.14,2.0,37.0,1472,7.4
2026-10-09 11:36:12,21.45,2.0,37.0,1471,5.7
2026-10-09 11:36:13,21.36,2.0,37.0,1456,5.7
2026-10-09 11:36:14,21.57,2.0,37.0,1408,3.8
2026-10-09 11:36:15,21.28,1.0,37.0,1408,8.7
2026-10-09 11:36:16,20.92,1.0,37.0,1408,4.7
2026-10-09 11:36:17,20.23,0.0,37.0,1408,6.5
2026-10-09 11:36:18,20.00,1.0,37.0,1407,2.8
2026-10-09 11:36:19,20.69,0.0,37.0,1407,5.3
2026-10-09 11:36:20,20.17,0.0,37.0,1407,8.7
2026-10-09 11:36:21,20.34,0.0,37.0,1407,7.3
2026-10-09 11:36:22,20.25,0.0,37.0,1407,6.6
2026-10-09 11:36:23,20.68,1.0,37.0,1407,7.2
2026-10-09 11:36:24,20.17,1.0,37.0,1407,6.2
2026-10-09 11:36:25,20.78,0.0,37.0,1407,5.3
2026-10-09 11:36:26,20.21,0.0,37.0,1407,7.9
2026-10-09 11:36:27,20.31,0.0,37.0,1407,4.4
2026-10-09 11:36:28,20.54,1.0,37.0,1407,11.1
2026-10-09 11:36:29,21.05,1.0,37.0,1407,2.1
2026-10-09 11:36:30,20.07,1.0,37.0,1434,6.2
2026-10-09 11:36:32,19.00,0.0,37.0,1430,7.0
2026-10-09 11:36:33,17.87,0.0,37.0,1430,14.6
2026-10-09 11:36:34,17.77,1.0,37.0,1420,4.1
2026-10-09 11:36:35,17.77,1.0,37.0,1420,6.1
2026-10-09 11:36:36,18.04,1.0,37.0,1420,5.7
2026-10-09 11:36:37,17.74,1.0,37.0,1411,7.1
2026-10-09 11:36:38,17.62,1.0,37.0,1411,5.1
2026-10-09 11:36:39,17.56,0.0,37.0,1411,7.7
2026-10-09 11:36:40,17.84,0.0,37.0,1411,7.7
2026-10-09 11:36:41,19.08,1.0,37.0,1411,7.4
2026-10-09 11:36:42,17.74,1.0,37.0,1411,6.2
2026-10-09 11:36:43,20.12,1.0,37.0,1442,9.2
2026-10-09 11:36:44,18.60,1.0,37.0,1442,3.0
2026-10-09 11:36:45,18.23,1.0,37.0,1441,3.8
2026-10-09 11:36:46,18.11,1.0,37.0,1417,2.7
2026-10-09 11:36:47,18.35,1.0,37.0,1412,5.3
2026-10-09 11:36:48,18.34,1.0,37.0,1422,4.2
2026-10-09 11:36:49,36.48,0.0,38.0,1508,28.2
2026-10-09 11:36:50,50.03,2.0,38.0,1457,18.8
2026-10-09 11:36:51,44.29,0.0,37.0,1491,34.7
2026-10-09 11:36:52,35.38,1.0,38.0,1494,57.1
2026-10-09 11:36:53,50.85,0.0,38.0,1496,30.7
2026-10-09 11:36:54,50.62,1.0,38.0,1483,28.5
2026-10-09 11:36:55,45.45,0.0,37.0,1479,30.6
2026-10-09 11:36:56,32.49,0.0,37.0,1480,26.8
2026-10-09 11:36:57,28.71,0.0,37.0,1481,27.2
2026-10-09 11:36:58,20.37,1.0,37.0,1482,26.2
2026-10-09 11:37:00,18.04,1.0,37.0,1482,32.1
2026-10-09 11:37:01,18.01,1.0,37.0,1482,27.0
2026-10-09 11:37:02,18.08,1.0,37.0,1483,23.7
2026-10-09 11:37:03,17.90,0.0,37.0,1483,19.8
2026-10-09 11:37:04,17.90,1.0,37.0,1483,19.0
2026-10-09 11:37:05,17.81,0.0,37.0,1483,19.6
2026-10-09 11:37:06,40.34,0.0,38.0,1521,18.0
2026-10-09 11:37:07,50.30,0.0,38.0,1521,13.6
2026-10-09 11:37:08,50.49,0.0,38.0,1530,13.3
2026-10-09 11:37:09,36.51,1.0,37.0,1525,7.2
2026-10-09 11:37:10,31.62,1.0,37.0,1525,3.9
2026-10-09 11:37:11,25.39,1.0,37.0,1521,7.6
2026-10-09 11:37:12,17.58,1.0,37.0,1521,2.6
2026-10-09 11:37:13,17.31,1.0,37.0,1521,7.0
2026-10-09 11:37:14,17.73,1.0,37.0,1521,2.4
2026-10-09 11:37:15,17.02,1.0,37.0,1521,5.6
2026-10-09 11:37:16,17.14,1.0,37.0,1521,4.5
2026-10-09 11:37:17,17.33,0.0,37.0,1521,7.5
2026-10-09 11:37:18,17.42,1.0,37.0,1521,9.7
2026-10-09 11:37:19,17.60,1.0,37.0,1521,9.1
2026-10-09 11:37:20,17.56,1.0,37.0,1521,4.3
2026-10-09 11:37:21,17.38,0.0,37.0,1521,8.7
2026-10-09 11:37:22,16.81,1.0,37.0,1521,7.0
2026-10-09 11:37:23,17.42,1.0,37.0,1521,6.6
2026-10-09 11:37:24,17.12,1.0,37.0,1521,3.8
2026-10-09 11:37:25,17.17,0.0,37.0,1521,6.9
2026-10-09 11:37:27,17.41,1.0,37.0,1521,5.1
2026-10-09 11:37:28,17.26,0.0,37.0,1521,3.4
2026-10-09 11:37:29,17.27,1.0,37.0,1521,4.7
2026-10-09 11:37:30,17.80,0.0,37.0,1521,4.2
2026-10-09 11:37:31,25.73,37.0,37.0,6623,29.9
2026-10-09 11:37:32,34.47,0.0,37.0,6711,100.0
2026-10-09 11:37:33,32.99,0.0,37.0,6705,99.8
2026-10-09 11:37:34,23.81,1.0,37.0,6705,100.0
2026-10-09 11:37:35,16.97,1.0,37.0,6701,100.0
2026-10-09 11:37:36,16.84,1.0,37.0,6701,96.3
2026-10-09 11:37:37,19.42,12.0,37.0,7427,59.5
2026-10-09 11:37:38,24.65,1.0,37.0,7684,65.5
2026-10-09 11:37:40,51.08,11.0,38.0,8552,97.0
2026-10-09 11:37:41,53.08,11.0,38.0,8617,100.0
2026-10-09 11:37:42,46.75,12.0,38.0,8617,100.0
2026-10-09 11:37:43,43.93,12.0,38.0,8617,100.0
2026-10-09 11:37:44,43.97,11.0,38.0,8617,100.0
2026-10-09 11:37:46,44.37,15.0,38.0,8628,100.0
2026-10-09 11:37:47,44.60,12.0,38.0,8630,100.0
2026-10-09 11:37:48,44.18,11.0,38.0,8762,100.0
2026-10-09 11:37:49,43.83,11.0,38.0,8802,100.0
2026-10-09 11:37:50,43.99,11.0,38.0,8856,100.0
2026-10-09 11:37:52,43.63,12.0,38.0,8859,100.0
2026-10-09 11:37:53,43.45,11.0,38.0,8869,100.0
2026-10-09 11:37:54,43.35,11.0,38.0,8880,100.0
2026-10-09 11:37:55,43.30,11.0,38.0,8908,100.0
2026-10-09 11:37:56,43.30,11.0,38.0,8655,100.0
2026-10-09 11:37:57,43.46,12.0,38.0,8683,100.0
2026-10-09 11:37:59,43.37,14.0,38.0,8723,100.0
2026-10-09 11:38:00,43.39,11.0,38.0,8724,100.0
2026-10-09 11:38:01,43.33,12.0,38.0,8724,100.0
2026-10-09 11:38:02,43.33,11.0,38.0,8725,92.3
2026-10-09 11:38:03,43.59,12.0,38.0,8726,50.6
2026-10-09 11:38:04,43.95,11.0,38.0,8727,35.8
2026-10-09 11:38:05,44.05,11.0,38.0,8727,36.0
2026-10-09 11:38:06,43.95,11.0,38.0,8727,33.5
2026-10-09 11:38:07,43.86,11.0,38.0,8727,27.4
2026-10-09 11:38:08,43.74,11.0,38.0,8727,20.0
2026-10-09 11:38:09,43.65,11.0,38.0,8727,20.1
2026-10-09 11:38:11,43.46,11.0,38.0,8727,19.3
2026-10-09 11:38:12,43.33,11.0,38.0,8727,17.2
2026-10-09 11:38:13,43.53,11.0,38.0,8727,18.8
2026-10-09 11:38:14,43.59,11.0,38.0,8727,17.6
2026-10-09 11:38:15,43.38,10.0,38.0,8944,58.2
2026-10-09 11:38:16,41.15,18.0,38.0,10984,100.0
2026-10-09 11:38:17,68.39,58.0,42.0,11237,100.0
2026-10-09 11:38:18,124.99,69.0,44.0,11427,100.0
2026-10-09 11:38:19,73.18,69.0,44.0,12313,100.0
2026-10-09 11:38:20,138.02,50.0,45.0,12376,100.0
2026-10-09 11:38:21,120.13,52.0,45.0,12369,100.0
2026-10-09 11:38:22,125.08,38.0,45.0,12370,100.0
2026-10-09 11:38:23,101.65,40.0,44.0,12370,100.0
2026-10-09 11:38:24,122.85,40.0,44.0,12329,100.0
2026-10-09 11:38:26,130.34,40.0,45.0,12208,100.0
2026-10-09 11:38:27,130.35,40.0,45.0,12197,100.0
2026-10-09 11:38:28,130.54,42.0,45.0,12192,100.0
2026-10-09 11:38:29,130.38,40.0,45.0,12186,100.0
2026-10-09 11:38:31,130.47,40.0,45.0,12254,100.0
2026-10-09 11:38:32,130.67,41.0,45.0,12271,100.0
2026-10-09 11:38:33,144.41,77.0,48.0,13305,96.6
2026-10-09 11:38:34,195.13,75.0,48.0,13369,100.0
2026-10-09 11:38:35,199.02,75.0,49.0,13386,100.0
2026-10-09 11:38:36,201.23,74.0,49.0,13346,96.9
2026-10-09 11:38:38,199.05,71.0,49.0,13524,93.5
2026-10-09 11:38:39,195.12,71.0,49.0,13358,77.8
2026-10-09 11:38:40,195.76,70.0,49.0,13337,62.3
2026-10-09 11:38:41,196.15,69.0,49.0,13316,66.1
2026-10-09 11:38:42,195.43,70.0,49.0,13390,69.8
2026-10-09 11:38:43,195.44,69.0,50.0,13415,65.5
2026-10-09 11:38:44,195.68,70.0,50.0,13416,65.1
2026-10-09 11:38:45,195.52,69.0,50.0,13390,65.7
2026-10-09 11:38:46,195.53,70.0,50.0,13390,68.5
2026-10-09 11:38:47,195.44,69.0,50.0,13390,68.2
2026-10-09 11:38:48,195.34,69.0,50.0,13411,64.7
2026-10-09 11:38:49,195.57,70.0,50.0,13408,71.9
2026-10-09 11:38:50,195.69,69.0,51.0,13155,67.0
2026-10-09 11:38:51,195.38,69.0,51.0,13028,71.1
2026-10-09 11:38:52,185.18,75.0,52.0,13586,69.3
2026-10-09 11:38:53,208.38,80.0,52.0,13624,61.0
2026-10-09 11:38:54,208.36,75.0,52.0,13355,59.4
2026-10-09 11:38:55,191.34,75.0,52.0,13355,64.2
2026-10-09 11:38:57,210.90,75.0,52.0,13355,60.5
2026-10-09 11:38:58,210.68,76.0,52.0,13355,63.3
2026-10-09 11:38:59,210.93,75.0,53.0,13358,62.1
2026-10-09 11:39:00,211.28,80.0,53.0,13360,63.6
2026-10-09 11:39:01,211.27,77.0,53.0,13381,62.5
2026-10-09 11:39:02,199.43,23.0,48.0,13638,63.4
2026-10-09 11:39:03,196.79,81.0,54.0,13610,82.6
2026-10-09 11:39:04,202.81,81.0,54.0,13706,73.9
2026-10-09 11:39:05,172.40,0.0,47.0,13803,47.4
2026-10-09 11:39:06,114.39,85.0,55.0,14002,61.6
2026-10-09 11:39:07,232.35,87.0,55.0,14017,69.9
2026-10-09 11:39:08,227.82,81.0,55.0,14017,74.4
2026-10-09 11:39:09,230.67,83.0,55.0,13997,73.2
2026-10-09 11:39:10,231.64,81.0,56.0,13997,70.7
2026-10-09 11:39:11,232.43,82.0,57.0,14017,73.3
2026-10-09 11:39:12,231.36,85.0,57.0,14017,75.0
2026-10-09 11:39:13,230.30,82.0,56.0,13999,71.2
2026-10-09 11:39:15,231.16,86.0,56.0,13999,68.7
2026-10-09 11:39:16,233.39,84.0,56.0,14020,74.6
2026-10-09 11:39:17,230.54,84.0,57.0,14020,72.4
2026-10-09 11:39:18,233.21,85.0,57.0,13999,72.1
2026-10-09 11:39:19,233.15,83.0,57.0,13999,70.4
2026-10-09 11:39:20,233.96,84.0,57.0,13999,74.8
2026-10-09 11:39:21,234.16,90.0,58.0,13927,70.6
2026-10-09 11:39:22,238.86,90.0,59.0,13927,81.6
2026-10-09 11:39:23,238.55,87.0,58.0,13927,72.9
2026-10-09 11:39:24,234.10,85.0,57.0,13943,80.1
2026-10-09 11:39:25,233.14,85.0,58.0,13925,73.9
2026-10-09 11:39:26,232.28,84.0,57.0,13906,70.6
2026-10-09 11:39:27,232.41,85.0,59.0,13906,75.7
2026-10-09 11:39:28,138.18,19.0,50.0,12486,69.4
2026-10-09 11:39:30,145.95,56.0,55.0,12797,100.0
2026-10-09 11:39:31,213.64,99.0,56.0,13804,100.0
2026-10-09 11:39:32,177.41,70.0,55.0,14049,100.0
2026-10-09 11:39:33,159.99,50.0,53.0,13650,100.0
2026-10-09 11:39:34,156.46,51.0,53.0,14284,100.0
2026-10-09 11:39:35,206.91,77.0,57.0,14412,100.0
2026-10-09 11:39:36,221.81,82.0,57.0,14359,100.0
2026-10-09 11:39:38,222.36,78.0,58.0,14287,80.9
2026-10-09 11:39:39,223.45,84.0,58.0,14295,63.8
2026-10-09 11:39:40,223.45,97.0,58.0,14324,67.5
2026-10-09 11:39:41,223.27,79.0,58.0,14312,68.9
2026-10-09 11:39:42,212.67,81.0,58.0,14291,63.8
2026-10-09 11:39:43,222.53,95.0,58.0,14289,73.8
2026-10-09 11:39:44,227.83,87.0,58.0,14297,73.0
2026-10-09 11:39:45,218.59,79.0,59.0,14331,72.2
2026-10-09 11:39:46,231.83,96.0,60.0,14338,66.6
2026-10-09 11:39:47,232.55,97.0,59.0,14329,74.7
2026-10-09 11:39:48,217.31,96.0,58.0,14435,69.9
2026-10-09 11:39:49,214.78,93.0,59.0,14424,73.2
2026-10-09 11:39:50,227.26,92.0,58.0,14350,73.7
2026-10-09 11:39:51,227.26,98.0,58.0,14373,82.9
2026-10-09 11:39:52,224.96,96.0,59.0,14211,76.1
2026-10-09 11:39:54,222.36,99.0,59.0,14396,73.9
2026-10-09 11:39:55,225.37,99.0,59.0,14435,70.7
2026-10-09 11:39:56,231.48,99.0,60.0,14496,82.4
2026-10-09 11:39:57,231.90,87.0,59.0,14506,83.4
2026-10-09 11:39:58,214.27,99.0,59.0,14410,80.9
2026-10-09 11:39:59,225.25,90.0,59.0,14424,87.3
2026-10-09 11:40:00,223.37,98.0,59.0,14486,68.3
2026-10-09 11:40:01,229.71,99.0,60.0,14446,73.0
2026-10-09 11:40:02,225.88,99.0,60.0,14451,78.1
2026-10-09 11:40:03,231.90,99.0,60.0,14520,83.1
2026-10-09 11:40:04,232.56,95.0,60.0,14475,70.2
2026-10-09 11:40:05,227.40,86.0,60.0,14485,80.5
2026-10-09 11:40:06,230.87,99.0,60.0,14502,76.6
2026-10-09 11:40:07,247.74,92.0,61.0,14469,74.6
2026-10-09 11:40:09,235.86,98.0,60.0,14471,80.5
2026-10-09 11:40:10,238.35,91.0,61.0,14388,80.6
2026-10-09 11:40:11,237.14,99.0,61.0,14231,82.2
2026-10-09 11:40:12,228.73,96.0,60.0,14497,78.3
2026-10-09 11:40:13,232.83,99.0,61.0,14477,73.3
2026-10-09 11:40:14,247.36,98.0,61.0,14476,73.7
2026-10-09 11:40:15,245.04,84.0,61.0,14472,76.8
2026-10-09 11:40:16,242.06,85.0,61.0,14464,68.8
2026-10-09 11:40:17,239.17,83.0,61.0,14458,65.1
2026-10-09 11:40:18,238.81,83.0,61.0,14462,62.5
2026-10-09 11:40:19,243.53,99.0,60.0,14490,71.7
2026-10-09 11:40:20,229.92,99.0,60.0,14518,67.0
2026-10-09 11:40:21,235.51,95.0,61.0,14496,79.0
2026-10-09 11:40:22,230.37,98.0,61.0,14533,71.5
2026-10-09 11:40:23,233.44,97.0,61.0,14466,80.1
2026-10-09 11:40:24,231.67,90.0,61.0,14474,66.5
2026-10-09 11:40:26,236.65,99.0,59.0,14477,71.6
2026-10-09 11:40:27,234.13,92.0,61.0,14530,68.2
2026-10-09 11:40:28,226.63,82.0,59.0,14514,62.9
2026-10-09 11:40:29,227.66,91.0,61.0,14400,67.6
2026-10-09 11:40:30,235.92,97.0,61.0,14477,71.9
2026-10-09 11:40:31,226.74,99.0,61.0,14496,64.0
2026-10-09 11:40:32,227.39,97.0,60.0,14492,61.2
2026-10-09 11:40:33,225.73,94.0,60.0,14547,57.4
2026-10-09 11:40:34,218.65,77.0,60.0,14481,68.5
2026-10-09 11:40:35,203.32,99.0,59.0,14530,83.1
2026-10-09 11:40:36,189.54,75.0,58.0,14484,77.2
2026-10-09 11:40:37,179.35,60.0,58.0,14548,66.4
2026-10-09 11:40:38,181.10,62.0,58.0,14508,64.9
2026-10-09 11:40:39,176.76,68.0,58.0,14473,61.8
2026-10-09 11:40:40,179.08,65.0,58.0,14495,55.0
2026-10-09 11:40:41,172.97,52.0,57.0,14471,55.8
2026-10-09 11:40:42,172.92,51.0,57.0,14467,51.5
2026-10-09 11:40:44,174.80,52.0,57.0,14469,55.0
2026-10-09 11:40:45,172.15,56.0,57.0,14424,55.0
2026-10-09 11:40:46,167.58,50.0,57.0,14176,48.8
2026-10-09 11:40:47,169.07,54.0,57.0,13956,52.7
2026-10-09 11:40:48,167.07,51.0,57.0,13956,49.1
2026-10-09 11:40:49,166.12,50.0,56.0,13959,45.7
2026-10-09 11:40:50,165.46,56.0,57.0,14023,44.5
2026-10-09 11:40:51,192.19,83.0,59.0,14240,68.4
2026-10-09 11:40:52,207.55,83.0,59.0,14324,83.2
2026-10-09 11:40:53,212.81,80.0,59.0,14345,70.8
2026-10-09 11:40:54,207.38,73.0,59.0,14345,49.5
2026-10-09 11:40:55,206.79,73.0,59.0,14349,52.0
2026-10-09 11:40:56,206.94,72.0,59.0,14345,51.9
2026-10-09 11:40:57,206.86,73.0,59.0,14345,56.3
2026-10-09 11:40:58,206.64,72.0,59.0,14345,50.2
2026-10-09 11:40:59,206.51,72.0,59.0,14345,57.6
2026-10-09 11:41:00,206.65,73.0,59.0,14349,55.9
2026-10-09 11:41:01,206.60,72.0,59.0,14345,48.5
2026-10-09 11:41:02,206.76,71.0,59.0,14345,47.2
2026-10-09 11:41:03,206.49,71.0,59.0,14345,49.6
2026-10-09 11:41:05,206.68,72.0,59.0,14345,48.7
2026-10-09 11:41:06,206.50,72.0,59.0,14342,55.2
2026-10-09 11:41:07,206.46,72.0,59.0,14338,53.0
2026-10-09 11:41:08,206.53,73.0,59.0,14082,51.9
2026-10-09 11:41:09,206.49,72.0,59.0,14001,51.5
2026-10-09 11:41:10,206.41,72.0,59.0,13987,50.7
2026-10-09 11:41:11,206.35,74.0,59.0,13987,52.2
2026-10-09 11:41:12,206.34,72.0,59.0,13987,47.4
2026-10-09 11:41:13,206.43,72.0,59.0,13987,52.0
2026-10-09 11:41:14,206.65,72.0,59.0,13987,47.5
2026-10-09 11:41:15,206.62,72.0,59.0,13987,50.6
2026-10-09 11:41:16,206.37,72.0,59.0,13947,50.9
2026-10-09 11:41:17,206.35,72.0,59.0,14028,53.0
2026-10-09 11:41:18,206.42,72.0,59.0,13987,49.3
2026-10-09 11:41:19,206.52,72.0,59.0,13987,50.9
2026-10-09 11:41:20,206.48,72.0,59.0,13987,49.3
2026-10-09 11:41:21,206.45,72.0,59.0,13987,56.9
2026-10-09 11:41:22,206.63,71.0,59.0,13938,64.6
2026-10-09 11:41:23,206.50,72.0,59.0,13938,52.4
2026-10-09 11:41:25,206.49,72.0,59.0,13923,48.6
2026-10-09 11:41:26,206.51,72.0,59.0,13923,53.2
2026-10-09 11:41:27,206.71,71.0,59.0,13923,52.2
2026-10-09 11:41:28,206.60,72.0,59.0,13923,55.8
2026-10-09 11:41:29,206.64,72.0,59.0,13923,45.1
2026-10-09 11:41:30,206.58,72.0,59.0,13923,51.8
2026-10-09 11:41:31,206.74,72.0,59.0,13923,52.8
2026-10-09 11:41:32,206.41,72.0,59.0,13923,57.1
2026-10-09 11:41:33,206.55,72.0,59.0,13923,49.1
2026-10-09 11:41:34,206.53,72.0,59.0,13923,54.8
2026-10-09 11:41:35,206.67,72.0,59.0,13923,49.1
2026-10-09 11:41:36,206.63,72.0,59.0,13923,54.8
2026-10-09 11:41:37,206.56,72.0,59.0,13923,46.5
2026-10-09 11:41:38,206.43,72.0,59.0,13923,53.2
2026-10-09 11:41:39,206.37,72.0,59.0,13923,45.0
2026-10-09 11:41:40,206.51,71.0,59.0,13923,53.5
2026-10-09 11:41:41,206.67,72.0,59.0,13923,50.9
2026-10-09 11:41:42,206.81,72.0,59.0,13923,56.5
2026-10-09 11:41:43,206.91,72.0,59.0,13883,50.4
2026-10-09 11:41:44,206.93,72.0,59.0,13964,49.7
2026-10-09 11:41:46,206.72,72.0,59.0,13923,56.6
2026-10-09 11:41:47,206.84,72.0,59.0,13923,53.9
2026-10-09 11:41:48,206.75,72.0,59.0,13923,55.7
2026-10-09 11:41:49,206.64,72.0,59.0,13923,51.9
2026-10-09 11:41:50,206.23,72.0,59.0,13923,57.3
2026-10-09 11:41:51,206.54,72.0,59.0,13923,50.2
2026-10-09 11:41:52,206.20,72.0,59.0,13923,54.6
2026-10-09 11:41:53,206.68,73.0,59.0,13909,48.3
2026-10-09 11:41:54,206.50,72.0,59.0,13909,51.2
2026-10-09 11:41:55,206.55,72.0,59.0,13909,50.8
2026-10-09 11:41:56,206.68,72.0,59.0,13909,49.6
2026-10-09 11:41:57,206.49,72.0,59.0,13909,49.6
2026-10-09 11:41:58,206.70,71.0,59.0,13909,54.9
2026-10-09 11:41:59,206.57,72.0,59.0,13909,52.1
2026-10-09 11:42:00,206.54,72.0,59.0,13909,51.5
2026-10-09 11:42:01,206.59,71.0,59.0,13909,51.1
2026-10-09 11:42:02,206.80,71.0,59.0,13909,54.7
2026-10-09 11:42:03,206.66,72.0,59.0,13909,53.7
2026-10-09 11:42:04,206.43,72.0,59.0,13909,47.8
2026-10-09 11:42:06,206.32,71.0,59.0,13909,49.4
2026-10-09 11:42:07,206.49,71.0,59.0,13909,54.0
2026-10-09 11:42:08,206.48,72.0,59.0,13909,50.4
2026-10-09 11:42:09,206.54,71.0,59.0,13909,51.4
2026-10-09 11:42:10,206.37,71.0,59.0,13909,48.9
2026-10-09 11:42:11,206.30,72.0,59.0,13909,50.9
2026-10-09 11:42:12,206.43,71.0,59.0,13909,52.2
2026-10-09 11:42:13,206.44,72.0,59.0,13909,53.7
2026-10-09 11:42:14,206.48,72.0,59.0,13909,50.2
2026-10-09 11:42:15,206.56,71.0,59.0,13909,47.8
2026-10-09 11:42:16,206.49,71.0,59.0,13909,53.7
2026-10-09 11:42:17,206.54,72.0,59.0,13909,48.7
2026-10-09 11:42:18,206.52,72.0,59.0,13909,51.5
2026-10-09 11:42:19,206.55,72.0,59.0,13909,47.2
2026-10-09 11:42:20,206.74,72.0,59.0,13909,55.8
2026-10-09 11:42:21,206.82,72.0,59.0,13909,56.8
2026-10-09 11:42:22,206.68,72.0,59.0,13909,55.8
2026-10-09 11:42:23,206.67,72.0,59.0,13909,49.4
2026-10-09 11:42:24,206.64,72.0,59.0,13909,50.7
2026-10-09 11:42:26,206.56,71.0,59.0,13909,54.7
2026-10-09 11:42:27,206.42,72.0,59.0,13909,49.4
2026-10-09 11:42:28,206.53,71.0,59.0,13909,46.3
2026-10-09 11:42:29,206.66,72.0,59.0,13909,54.6
2026-10-09 11:42:30,206.77,72.0,59.0,13909,57.6
2026-10-09 11:42:31,206.66,71.0,59.0,13868,59.1
2026-10-09 11:42:32,206.55,72.0,59.0,13909,53.2
2026-10-09 11:42:33,206.45,72.0,59.0,13909,51.5
2026-10-09 11:42:34,206.72,71.0,59.0,13909,52.3
2026-10-09 11:42:35,207.14,72.0,59.0,13909,54.0
2026-10-09 11:42:36,206.90,71.0,59.0,13909,48.7
2026-10-09 11:42:37,206.81,72.0,59.0,13909,53.5
2026-10-09 11:42:38,206.78,72.0,59.0,13868,46.6
2026-10-09 11:42:39,206.84,72.0,59.0,13949,48.2
2026-10-09 11:42:40,206.77,72.0,59.0,13909,52.6
2026-10-09 11:42:41,206.78,72.0,59.0,13909,52.2
2026-10-09 11:42:42,206.84,72.0,59.0,13909,58.8
2026-10-09 11:42:43,206.59,72.0,59.0,13909,50.7
2026-10-09 11:42:44,206.70,72.0,59.0,13909,63.2
2026-10-09 11:42:45,206.66,72.0,59.0,13909,55.7
2026-10-09 11:42:47,206.73,71.0,59.0,13909,53.0
2026-10-09 11:42:48,206.80,72.0,59.0,13909,49.6
2026-10-09 11:42:49,206.91,72.0,59.0,13909,52.3
2026-10-09 11:42:50,206.78,72.0,59.0,13909,44.4
2026-10-09 11:42:51,206.79,71.0,59.0,13909,55.1
2026-10-09 11:42:52,207.01,72.0,59.0,13909,45.9
2026-10-09 11:42:53,206.87,72.0,59.0,13909,54.5
2026-10-09 11:42:54,206.76,71.0,59.0,13909,49.3
2026-10-09 11:42:55,206.92,72.0,59.0,13909,51.1
2026-10-09 11:42:56,206.52,72.0,59.0,13909,50.2
2026-10-09 11:42:57,206.57,71.0,59.0,13909,55.7
2026-10-09 11:42:58,206.70,71.0,59.0,13909,46.5
2026-10-09 11:42:59,206.67,72.0,59.0,13909,49.1
2026-10-09 11:43:00,206.49,72.0,59.0,13909,47.6
2026-10-09 11:43:01,206.72,72.0,59.0,13909,52.0
2026-10-09 11:43:02,206.62,71.0,59.0,13909,53.9
2026-10-09 11:43:03,206.83,72.0,59.0,13909,48.7
2026-10-09 11:43:04,207.03,72.0,59.0,13909,49.1
2026-10-09 11:43:05,206.94,72.0,59.0,13868,54.2
2026-10-09 11:43:06,206.88,72.0,59.0,13949,51.9
2026-10-09 11:43:08,206.79,72.0,59.0,13909,48.9
2026-10-09 11:43:09,206.82,72.0,59.0,13909,59.1
2026-10-09 11:43:10,206.77,71.0,58.0,13909,46.3
2026-10-09 11:43:11,206.78,72.0,58.0,13909,53.7
2026-10-09 11:43:12,206.86,72.0,58.0,13909,54.9
2026-10-09 11:43:13,206.73,72.0,58.0,13909,51.5
2026-10-09 11:43:14,206.60,71.0,58.0,13909,51.7
2026-10-09 11:43:15,206.56,71.0,58.0,13909,54.2
2026-10-09 11:43:16,206.54,71.0,58.0,13909,54.6
2026-10-09 11:43:17,206.68,72.0,58.0,13909,53.2
2026-10-09 11:43:18,206.70,71.0,58.0,13909,51.1
2026-10-09 11:43:19,206.93,72.0,58.0,13909,49.9
2026-10-09 11:43:20,206.75,72.0,58.0,13909,49.0
2026-10-09 11:43:21,207.05,72.0,58.0,13909,54.9
2026-10-09 11:43:22,207.07,71.0,58.0,13909,54.7
2026-10-09 11:43:23,206.96,72.0,58.0,13909,50.0
2026-10-09 11:43:24,206.84,72.0,58.0,13909,51.3
2026-10-09 11:43:25,207.03,72.0,58.0,13909,50.2
2026-10-09 11:43:26,207.04,72.0,58.0,13909,53.0
2026-10-09 11:43:28,206.84,72.0,58.0,13909,51.7
2026-10-09 11:43:29,206.87,72.0,58.0,13909,49.4
2026-10-09 11:43:30,206.87,72.0,58.0,13909,48.0
2026-10-09 11:43:31,206.88,72.0,58.0,13909,54.1
2026-10-09 11:43:32,206.84,73.0,58.0,13909,54.1
2026-10-09 11:43:33,206.91,71.0,58.0,13868,51.5
2026-10-09 11:43:34,207.11,71.0,58.0,13949,46.4
2026-10-09 11:43:35,207.07,72.0,58.0,13909,49.3
2026-10-09 11:43:36,206.88,71.0,58.0,13909,56.2
2026-10-09 11:43:37,207.04,72.0,58.0,13909,46.5
2026-10-09 11:43:38,207.12,71.0,58.0,13909,52.5
2026-10-09 11:43:39,207.13,71.0,58.0,13909,50.9
2026-10-09 11:43:40,207.08,71.0,59.0,13909,50.3
2026-10-09 11:43:41,206.70,71.0,58.0,13909,53.0
2026-10-09 11:43:42,206.86,72.0,58.0,13909,55.6
2026-10-09 11:43:43,206.94,72.0,58.0,13909,49.6
2026-10-09 11:43:44,206.79,72.0,59.0,13909,51.9
2026-10-09 11:43:45,206.82,71.0,58.0,13909,53.3
2026-10-09 11:43:46,206.91,72.0,59.0,13909,50.4
2026-10-09 11:43:47,206.91,72.0,58.0,13909,55.2
2026-10-09 11:43:49,206.97,71.0,59.0,13909,52.4
2026-10-09 11:43:50,206.85,72.0,58.0,13909,50.1
2026-10-09 11:43:51,206.70,72.0,58.0,13909,46.7
2026-10-09 11:43:52,207.07,71.0,58.0,13909,55.0
2026-10-09 11:43:53,206.92,72.0,59.0,13909,52.2
2026-10-09 11:43:54,206.70,71.0,58.0,13909,52.1
2026-10-09 11:43:55,206.92,72.0,58.0,13909,49.0
2026-10-09 11:43:56,206.81,72.0,58.0,13909,52.6
2026-10-09 11:43:57,206.97,72.0,58.0,13909,54.7
2026-10-09 11:43:58,206.77,72.0,58.0,13909,52.6
2026-10-09 11:43:59,206.87,72.0,58.0,13909,45.9
2026-10-09 11:44:00,206.82,72.0,58.0,13909,50.5
2026-10-09 11:44:01,206.79,72.0,58.0,13909,50.7
2026-10-09 11:44:02,206.75,71.0,58.0,13909,50.0
2026-10-09 11:44:03,206.80,72.0,58.0,13909,53.0
2026-10-09 11:44:04,214.67,97.0,59.0,13886,59.9
2026-10-09 11:44:05,233.39,97.0,61.0,14023,60.0
2026-10-09 11:44:06,227.18,92.0,59.0,14454,56.7
2026-10-09 11:44:07,217.72,88.0,58.0,14403,60.1
2026-10-09 11:44:08,207.38,65.0,58.0,14400,57.2
2026-10-09 11:44:10,208.55,76.0,58.0,14542,66.6
2026-10-09 11:44:11,160.86,76.0,57.0,14417,44.0
2026-10-09 11:44:12,175.23,59.0,56.0,14430,60.1
2026-10-09 11:44:13,181.99,86.0,58.0,14426,59.0
2026-10-09 11:44:14,203.57,68.0,57.0,14429,65.6
2026-10-09 11:44:15,171.53,0.0,52.0,14363,73.9
2026-10-09 11:44:16,194.00,84.0,58.0,14420,100.0
2026-10-09 11:44:17,204.72,93.0,58.0,14423,97.2
2026-10-09 11:44:18,204.46,96.0,59.0,14413,87.5
2026-10-09 11:44:19,216.05,99.0,59.0,14459,71.9
2026-10-09 11:44:20,215.01,64.0,59.0,14480,61.4
2026-10-09 11:44:21,221.03,74.0,58.0,14435,60.1
2026-10-09 11:44:22,207.23,94.0,60.0,14435,66.2
2026-10-09 11:44:23,221.39,90.0,60.0,14417,87.3
2026-10-09 11:44:24,226.12,99.0,60.0,14439,75.0
2026-10-09 11:44:26,234.18,90.0,60.0,14419,74.6
2026-10-09 11:44:27,245.88,89.0,60.0,14408,61.4
2026-10-09 11:44:28,239.45,88.0,60.0,14410,50.0
2026-10-09 11:44:29,238.26,87.0,60.0,14406,49.4
2026-10-09 11:44:30,238.52,91.0,61.0,14404,50.6
2026-10-09 11:44:31,224.72,45.0,59.0,14404,43.4
2026-10-09 11:44:32,229.08,87.0,60.0,14396,53.2
2026-10-09 11:44:33,238.21,87.0,60.0,14396,48.1
2026-10-09 11:44:34,235.58,83.0,60.0,14396,51.9
2026-10-09 11:44:35,235.48,83.0,60.0,14396,48.1
2026-10-09 11:44:36,235.42,83.0,60.0,14396,50.7
2026-10-09 11:44:37,235.40,83.0,60.0,14396,49.1
2026-10-09 11:44:38,235.53,83.0,60.0,14396,50.7
2026-10-09 11:44:39,235.45,84.0,60.0,14404,47.0
2026-10-09 11:44:40,235.35,85.0,60.0,14352,51.7
2026-10-09 11:44:41,235.56,85.0,60.0,13889,46.3
2026-10-09 11:44:42,235.35,84.0,60.0,13889,52.2
2026-10-09 11:44:43,235.34,83.0,60.0,13888,49.6
2026-10-09 11:44:44,235.37,84.0,60.0,13884,49.3
2026-10-09 11:44:45,235.27,83.0,60.0,13884,45.9
2026-10-09 11:44:47,235.37,83.0,60.0,13843,48.3
2026-10-09 11:44:48,235.36,83.0,60.0,13924,51.1
2026-10-09 11:44:49,235.33,83.0,60.0,13884,47.9
2026-10-09 11:44:50,235.66,83.0,60.0,13884,48.5
2026-10-09 11:44:51,235.34,84.0,60.0,13884,44.4
2026-10-09 11:44:52,235.31,84.0,60.0,13884,48.9
2026-10-09 11:44:53,235.35,84.0,61.0,13884,50.2
2026-10-09 11:44:54,235.48,85.0,61.0,13884,52.1
2026-10-09 11:44:55,235.11,84.0,61.0,13884,44.4
2026-10-09 11:44:56,235.16,84.0,61.0,13884,49.5
2026-10-09 11:44:57,235.12,86.0,61.0,13884,43.8
2026-10-09 11:44:58,235.19,83.0,61.0,13884,52.8
2026-10-09 11:44:59,235.43,84.0,61.0,13884,47.9
2026-10-09 11:45:00,235.26,84.0,61.0,13884,48.7
2026-10-09 11:45:01,235.46,82.0,61.0,13884,45.5
2026-10-09 11:45:02,235.61,84.0,61.0,13884,49.2
2026-10-09 11:45:03,235.25,84.0,61.0,13884,52.4
2026-10-09 11:45:04,235.11,84.0,61.0,13884,46.7
2026-10-09 11:45:05,235.20,84.0,61.0,13884,45.9
2026-10-09 11:45:07,235.35,84.0,61.0,13843,53.2
2026-10-09 11:45:08,235.39,83.0,61.0,13924,51.5
2026-10-09 11:45:09,235.52,83.0,61.0,13884,53.0
2026-10-09 11:45:10,235.47,84.0,61.0,13884,47.9
2026-10-09 11:45:11,235.47,83.0,61.0,13884,49.1
2026-10-09 11:45:12,235.48,84.0,61.0,13884,51.9
2026-10-09 11:45:13,235.46,83.0,61.0,13884,48.9
2026-10-09 11:45:14,235.53,84.0,61.0,13804,48.7
2026-10-09 11:45:15,243.61,93.0,63.0,13883,70.2
2026-10-09 11:45:16,241.51,99.0,60.0,14223,67.9
2026-10-09 11:45:17,229.89,99.0,61.0,14386,71.8
2026-10-09 11:45:18,227.35,99.0,62.0,14418,77.6
2026-10-09 11:45:19,224.93,99.0,61.0,14376,72.7
2026-10-09 11:45:20,224.53,70.0,59.0,14350,77.8
2026-10-09 11:45:21,202.74,89.0,61.0,14359,73.2
2026-10-09 11:45:22,232.17,80.0,61.0,14440,68.8
2026-10-09 11:45:24,218.59,94.0,61.0,14376,80.8
2026-10-09 11:45:25,212.92,89.0,60.0,14416,65.5
2026-10-09 11:45:26,214.11,93.0,61.0,14365,71.0
2026-10-09 11:45:27,215.48,90.0,60.0,14317,78.4
2026-10-09 11:45:28,217.17,97.0,61.0,14360,70.1
2026-10-09 11:45:29,222.92,99.0,61.0,14361,78.3
2026-10-09 11:45:30,216.15,96.0,60.0,14340,74.3
2026-10-09 11:45:31,222.05,99.0,61.0,14380,82.9
2026-10-09 11:45:32,220.06,86.0,61.0,14377,71.3
2026-10-09 11:45:33,197.55,62.0,58.0,14314,61.9
2026-10-09 11:45:34,182.59,51.0,57.0,13911,59.7
2026-10-09 11:45:35,175.71,53.0,57.0,14038,58.3
2026-10-09 11:45:36,171.53,52.0,57.0,14062,58.8
2026-10-09 11:45:37,203.57,79.0,60.0,14393,72.8
2026-10-09 11:45:39,225.92,95.0,62.0,14468,70.8
2026-10-09 11:45:40,201.30,71.0,58.0,14461,66.0
2026-10-09 11:45:41,172.92,58.0,57.0,14458,65.5
2026-10-09 11:45:42,171.38,50.0,57.0,14400,57.7
2026-10-09 11:45:43,170.16,49.0,56.0,14397,54.0
2026-10-09 11:45:44,180.83,61.0,58.0,14396,53.4
2026-10-09 11:45:45,183.74,56.0,57.0,14372,59.7
2026-10-09 11:45:46,174.92,50.0,56.0,14394,55.8
2026-10-09 11:45:47,173.81,77.0,59.0,14413,62.1
2026-10-09 11:45:48,223.85,92.0,60.0,14421,64.2
2026-10-09 11:45:49,198.22,81.0,58.0,14400,57.6
2026-10-09 11:45:50,171.42,50.0,56.0,14390,57.0
2026-10-09 11:45:51,188.24,86.0,59.0,14413,55.1
2026-10-09 11:45:52,188.42,55.0,57.0,14306,64.8
2026-10-09 11:45:53,196.71,93.0,59.0,14507,65.8
2026-10-09 11:45:54,208.66,83.0,60.0,14518,60.9
2026-10-09 11:45:55,214.22,88.0,59.0,14375,66.4
2026-10-09 11:45:56,199.17,74.0,58.0,14469,60.3
2026-10-09 11:45:58,198.12,70.0,59.0,14415,59.0
2026-10-09 11:45:59,202.18,76.0,59.0,14401,64.7
2026-10-09 11:46:00,214.44,83.0,60.0,14406,64.5
2026-10-09 11:46:01,226.35,93.0,60.0,14427,75.9
2026-10-09 11:46:02,222.63,91.0,59.0,14470,71.0
2026-10-09 11:46:03,210.36,82.0,59.0,14439,75.9
2026-10-09 11:46:04,189.86,85.0,59.0,14430,69.9
2026-10-09 11:46:05,197.75,88.0,58.0,14396,88.2
2026-10-09 11:46:06,220.12,98.0,61.0,14415,77.2
2026-10-09 11:46:07,230.83,99.0,59.0,14432,75.5
2026-10-09 11:46:08,226.83,95.0,61.0,14440,74.1
2026-10-09 11:46:09,233.80,96.0,60.0,14434,67.0
2026-10-09 11:46:10,229.75,92.0,60.0,14441,68.3
2026-10-09 11:46:11,228.90,99.0,59.0,14475,62.9
2026-10-09 11:46:13,221.83,96.0,60.0,14447,77.2
2026-10-09 11:46:14,221.18,98.0,60.0,14582,76.3
2026-10-09 11:46:15,229.61,99.0,59.0,14460,77.5
2026-10-09 11:46:16,229.45,99.0,60.0,14506,66.4
2026-10-09 11:46:17,229.96,99.0,59.0,14535,73.9
2026-10-09 11:46:18,226.88,94.0,61.0,14469,73.7
2026-10-09 11:46:19,220.58,96.0,60.0,14470,75.5
2026-10-09 11:46:20,222.48,99.0,60.0,14423,75.2
2026-10-09 11:46:21,224.50,99.0,60.0,14485,80.9
2026-10-09 11:46:22,232.58,99.0,60.0,14380,77.2
2026-10-09 11:46:23,233.10,99.0,61.0,14317,65.3
2026-10-09 11:46:24,232.85,99.0,59.0,14444,69.9
2026-10-09 11:46:25,225.48,99.0,61.0,14495,71.1
2026-10-09 11:46:26,228.52,98.0,61.0,14455,82.6
2026-10-09 11:46:28,226.49,95.0,61.0,14470,69.6
2026-10-09 11:46:29,228.59,93.0,60.0,14465,83.7
2026-10-09 11:46:30,228.12,93.0,61.0,14517,74.6
2026-10-09 11:46:31,231.10,99.0,62.0,14434,78.6
2026-10-09 11:46:32,236.30,97.0,62.0,14571,70.0
2026-10-09 11:46:33,227.96,99.0,60.0,14485,69.1
2026-10-09 11:46:34,229.82,99.0,61.0,14434,74.3
2026-10-09 11:46:35,233.82,97.0,61.0,14487,72.4
2026-10-09 11:46:36,229.42,85.0,61.0,14432,73.0
2026-10-09 11:46:37,225.90,99.0,60.0,14423,73.0
2026-10-09 11:46:38,230.45,93.0,61.0,14390,82.2
2026-10-09 11:46:39,224.85,90.0,61.0,14392,71.3
2026-10-09 11:46:40,220.26,91.0,61.0,14515,82.2
2026-10-09 11:46:42,213.91,83.0,61.0,14400,76.6
2026-10-09 11:46:43,198.12,69.0,60.0,14408,75.4
2026-10-09 11:46:44,219.60,96.0,61.0,14412,79.3
2026-10-09 11:46:45,226.94,93.0,60.0,14439,79.0
2026-10-09 11:46:46,229.75,99.0,62.0,14494,72.9
2026-10-09 11:46:47,225.84,98.0,59.0,14357,76.8
2026-10-09 11:46:48,232.35,93.0,60.0,14420,81.2
2026-10-09 11:46:49,232.19,99.0,60.0,14421,78.1
2026-10-09 11:46:50,227.37,99.0,61.0,14414,77.5
2026-10-09 11:46:51,230.50,99.0,60.0,14453,70.7
2026-10-09 11:46:52,231.99,97.0,62.0,14415,86.4
2026-10-09 11:46:53,227.15,86.0,61.0,14426,70.0
2026-10-09 11:46:55,221.50,94.0,60.0,14451,74.5
2026-10-09 11:46:56,225.80,99.0,60.0,14444,73.9
2026-10-09 11:46:57,227.86,99.0,61.0,14389,82.4
2026-10-09 11:46:58,226.53,89.0,61.0,14397,75.7
2026-10-09 11:46:59,220.48,96.0,60.0,14417,75.9
2026-10-09 11:47:00,232.02,94.0,62.0,14442,82.2
2026-10-09 11:47:01,223.87,85.0,61.0,14405,73.7
2026-10-09 11:47:02,228.26,96.0,61.0,14414,79.0
2026-10-09 11:47:03,229.23,99.0,62.0,14420,71.4
2026-10-09 11:47:04,218.46,99.0,60.0,14432,78.7
2026-10-09 11:47:05,220.76,80.0,60.0,14435,64.7
2026-10-09 11:47:06,222.15,98.0,60.0,14530,78.6
2026-10-09 11:47:07,219.27,89.0,61.0,14456,62.5
2026-10-09 11:47:08,226.23,91.0,61.0,14441,75.7
2026-10-09 11:47:10,229.04,97.0,59.0,14463,69.4
2026-10-09 11:47:11,228.49,97.0,60.0,14447,72.6
2026-10-09 11:47:12,225.71,89.0,60.0,14441,76.8
2026-10-09 11:47:13,229.27,98.0,62.0,14557,73.6
2026-10-09 11:47:14,233.58,99.0,61.0,14422,70.2
2026-10-09 11:47:15,241.60,93.0,62.0,14485,75.5
2026-10-09 11:47:16,236.67,91.0,62.0,14443,74.3
2026-10-09 11:47:17,230.66,96.0,62.0,14438,79.2
2026-10-09 11:47:18,232.96,90.0,60.0,14435,76.8
2026-10-09 11:47:19,229.34,90.0,60.0,14435,57.5
2026-10-09 11:47:20,227.68,99.0,60.0,14449,72.6
2026-10-09 11:47:21,224.75,92.0,61.0,14444,58.4
2026-10-09 11:47:22,221.83,84.0,61.0,14430,75.2
2026-10-09 11:47:24,213.17,78.0,60.0,14425,66.7
2026-10-09 11:47:25,216.75,92.0,60.0,14444,68.8
2026-10-09 11:47:26,214.42,87.0,60.0,14422,87.9
2026-10-09 11:47:27,202.73,69.0,60.0,14427,82.0
2026-10-09 11:47:28,200.12,92.0,60.0,14433,76.8
2026-10-09 11:47:29,223.57,95.0,61.0,14426,81.2
2026-10-09 11:47:30,227.25,99.0,60.0,14425,72.1
2026-10-09 11:47:31,226.05,84.0,60.0,14427,67.1
2026-10-09 11:47:32,223.97,99.0,60.0,14426,75.9
2026-10-09 11:47:33,230.39,84.0,61.0,14418,71.3
2026-10-09 11:47:34,223.80,97.0,60.0,14473,71.2
2026-10-09 11:47:35,222.95,90.0,60.0,14462,82.4
2026-10-09 11:47:36,220.46,97.0,59.0,14480,83.5
2026-10-09 11:47:37,234.84,99.0,61.0,14517,75.0
2026-10-09 11:47:39,232.01,99.0,61.0,14453,82.2
2026-10-09 11:47:40,228.38,98.0,61.0,14420,79.1
2026-10-09 11:47:41,210.23,98.0,61.0,14449,78.7
2026-10-09 11:47:42,232.31,99.0,61.0,14499,80.4
2026-10-09 11:47:43,225.59,83.0,60.0,14479,72.8
2026-10-09 11:47:44,183.38,78.0,59.0,14481,70.6
2026-10-09 11:47:45,206.99,77.0,60.0,14469,77.6
2026-10-09 11:47:46,213.38,91.0,60.0,14492,62.7
2026-10-09 11:47:47,212.18,83.0,60.0,14469,66.0
2026-10-09 11:47:48,213.72,97.0,61.0,14534,68.9
2026-10-09 11:47:49,226.66,95.0,61.0,14537,64.7
2026-10-09 11:47:50,232.03,97.0,61.0,14537,64.9
2026-10-09 11:47:51,219.69,79.0,60.0,14516,57.2
2026-10-09 11:47:52,212.32,76.0,60.0,14506,42.7
2026-10-09 11:47:53,207.25,70.0,60.0,14508,48.1
2026-10-09 11:47:54,206.67,70.0,60.0,14447,49.4
2026-10-09 11:47:55,206.68,70.0,60.0,14314,44.4
2026-10-09 11:47:57,206.83,71.0,60.0,14176,41.8
2026-10-09 11:47:58,206.80,71.0,60.0,13996,40.3
2026-10-09 11:47:59,206.85,70.0,60.0,13996,41.4
2026-10-09 11:48:00,206.58,70.0,60.0,13996,40.7
2026-10-09 11:48:01,206.78,69.0,60.0,13996,42.2
2026-10-09 11:48:02,206.72,69.0,60.0,13996,43.8
2026-10-09 11:48:03,206.57,69.0,60.0,13996,45.5
2026-10-09 11:48:04,206.76,69.0,60.0,13996,45.0
2026-10-09 11:48:05,206.66,69.0,60.0,13996,44.4
2026-10-09 11:48:06,206.73,69.0,60.0,13996,46.4
2026-10-09 11:48:07,206.49,69.0,60.0,13996,46.4
2026-10-09 11:48:08,206.37,69.0,60.0,13996,42.2
2026-10-09 11:48:09,206.36,69.0,60.0,13995,41.6
2026-10-09 11:48:10,206.31,70.0,59.0,13995,44.3
2026-10-09 11:48:11,208.46,71.0,60.0,13949,53.7
2026-10-09 11:48:12,210.84,84.0,60.0,14053,68.8
2026-10-09 11:48:13,230.60,97.0,60.0,14492,94.3
2026-10-09 11:48:14,208.62,79.0,59.0,14484,100.0
2026-10-09 11:48:15,185.91,75.0,59.0,14491,95.0
2026-10-09 11:48:16,184.39,78.0,58.0,14474,63.1
2026-10-09 11:48:18,174.64,63.0,59.0,14531,52.4
2026-10-09 11:48:19,200.32,99.0,60.0,14467,60.3
2026-10-09 11:48:20,220.62,99.0,60.0,14526,67.0
2026-10-09 11:48:21,231.41,88.0,60.0,14473,67.9
2026-10-09 11:48:22,202.60,86.0,59.0,14469,53.7
2026-10-09 11:48:23,211.62,87.0,60.0,14402,59.4
2026-10-09 11:48:24,220.50,95.0,61.0,14446,59.6
2026-10-09 11:48:25,233.31,98.0,61.0,14444,70.2
2026-10-09 11:48:26,220.28,82.0,59.0,14477,71.0
2026-10-09 11:48:27,201.37,82.0,59.0,14496,61.9
2026-10-09 11:48:28,205.67,70.0,59.0,14486,50.4
2026-10-09 11:48:29,200.27,70.0,59.0,14480,45.5
2026-10-09 11:48:30,200.65,72.0,59.0,13979,46.7
2026-10-09 11:48:31,200.23,70.0,59.0,13979,42.9
2026-10-09 11:48:32,200.05,70.0,59.0,13979,48.4
2026-10-09 11:48:33,200.13,70.0,59.0,13979,47.4
2026-10-09 11:48:34,200.14,70.0,59.0,13979,48.7
2026-10-09 11:48:35,200.08,71.0,59.0,13979,69.4
2026-10-09 11:48:37,200.32,70.0,59.0,13979,70.4
2026-10-09 11:48:38,200.41,70.0,59.0,13979,56.5
2026-10-09 11:48:39,200.43,70.0,59.0,13979,50.9
2026-10-09 11:48:40,200.17,70.0,59.0,13979,42.0
2026-10-09 11:48:41,200.07,70.0,59.0,13979,46.7
2026-10-09 11:48:42,200.14,70.0,59.0,13979,43.2
2026-10-09 11:48:43,200.17,70.0,59.0,13979,48.5
2026-10-09 11:48:44,200.27,69.0,59.0,13979,45.5
2026-10-09 11:48:45,200.40,70.0,59.0,13979,43.8
2026-10-09 11:48:46,200.26,70.0,59.0,13979,48.7
2026-10-09 11:48:47,200.33,70.0,59.0,13979,45.1
2026-10-09 11:48:48,200.18,70.0,59.0,13979,48.5
2026-10-09 11:48:49,200.00,70.0,59.0,13979,55.0
2026-10-09 11:48:50,199.87,70.0,59.0,13979,45.9
2026-10-09 11:48:51,200.14,70.0,59.0,13979,46.3
2026-10-09 11:48:52,199.87,70.0,59.0,13979,46.3
2026-10-09 11:48:53,199.74,70.0,59.0,13979,45.8
2026-10-09 11:48:54,199.96,70.0,59.0,14020,48.7
2026-10-09 11:48:55,199.82,70.0,59.0,13979,45.6
2026-10-09 11:48:57,199.74,70.0,59.0,13979,45.0
2026-10-09 11:48:58,199.71,70.0,59.0,13979,46.1
2026-10-09 11:48:59,199.73,70.0,59.0,13979,49.1
2026-10-09 11:49:00,199.67,70.0,59.0,13979,48.7
2026-10-09 11:49:01,199.84,70.0,59.0,13979,46.1
2026-10-09 11:49:02,200.01,70.0,59.0,13979,48.9
2026-10-09 11:49:03,200.16,70.0,59.0,13979,48.7
2026-10-09 11:49:04,200.15,70.0,58.0,13979,50.4
2026-10-09 11:49:05,200.19,70.0,58.0,13979,47.2
2026-10-09 11:49:06,200.04,70.0,58.0,13979,46.3
2026-10-09 11:49:07,200.07,70.0,58.0,13979,50.0
2026-10-09 11:49:08,200.03,70.0,58.0,13979,53.7
2026-10-09 11:49:09,200.05,70.0,58.0,13979,49.1
2026-10-09 11:49:10,200.02,70.0,58.0,13979,41.0
2026-10-09 11:49:11,200.04,70.0,58.0,13979,43.8
2026-10-09 11:49:12,199.91,70.0,58.0,13979,43.8
2026-10-09 11:49:13,199.79,70.0,58.0,13979,52.6
2026-10-09 11:49:14,200.04,70.0,58.0,13979,45.3
2026-10-09 11:49:15,199.96,70.0,58.0,13979,49.3
2026-10-09 11:49:17,199.97,70.0,58.0,13979,50.6
2026-10-09 11:49:18,199.83,70.0,58.0,13979,53.5
2026-10-09 11:49:19,199.93,71.0,58.0,13979,48.1
2026-10-09 11:49:20,200.10,70.0,58.0,13979,52.6
2026-10-09 11:49:21,199.99,70.0,58.0,13939,44.5
2026-10-09 11:49:22,200.06,69.0,58.0,14020,47.5
2026-10-09 11:49:23,200.03,70.0,58.0,13979,45.0
2026-10-09 11:49:24,200.02,70.0,58.0,13979,47.4
2026-10-09 11:49:25,200.04,70.0,58.0,13979,47.6
2026-10-09 11:49:26,199.90,70.0,58.0,13979,43.2
2026-10-09 11:49:27,200.05,70.0,58.0,13979,44.6
2026-10-09 11:49:28,200.07,70.0,58.0,13979,45.0
2026-10-09 11:49:29,200.32,70.0,58.0,13979,49.4
2026-10-09 11:49:30,200.19,70.0,58.0,13979,44.5
2026-10-09 11:49:31,200.02,70.0,58.0,13979,51.5
2026-10-09 11:49:32,200.10,70.0,58.0,13979,46.1
2026-10-09 11:49:33,200.03,70.0,58.0,13979,51.7
2026-10-09 11:49:34,199.96,70.0,58.0,13979,49.4
2026-10-09 11:49:35,199.91,70.0,58.0,13979,44.4
2026-10-09 11:49:36,200.12,70.0,58.0,13979,46.1
2026-10-09 11:49:38,200.07,70.0,58.0,13979,53.3
2026-10-09 11:49:39,199.98,70.0,58.0,13979,45.1
2026-10-09 11:49:40,199.90,70.0,58.0,13989,47.6
2026-10-09 11:49:41,200.01,70.0,58.0,13989,44.2
2026-10-09 11:49:42,200.06,70.0,58.0,13989,46.3
2026-10-09 11:49:43,200.11,70.0,58.0,13984,45.1
2026-10-09 11:49:44,200.18,70.0,58.0,13984,49.4
2026-10-09 11:49:45,200.10,70.0,58.0,13979,53.4
2026-10-09 11:49:46,200.11,71.0,58.0,13979,47.6
2026-10-09 11:49:47,200.10,71.0,58.0,13979,50.0
2026-10-09 11:49:48,200.09,70.0,58.0,13979,49.8
2026-10-09 11:49:49,200.20,71.0,58.0,14011,46.9
2026-10-09 11:49:50,199.98,70.0,58.0,13979,45.3
2026-10-09 11:49:51,199.98,71.0,58.0,13979,48.3
2026-10-09 11:49:52,199.95,70.0,57.0,13979,48.7
2026-10-09 11:49:53,200.20,70.0,58.0,13979,49.3
2026-10-09 11:49:54,200.22,70.0,57.0,13979,48.7
2026-10-09 11:49:55,200.24,71.0,58.0,13979,45.1
2026-10-09 11:49:56,200.28,69.0,58.0,13979,45.9
2026-10-09 11:49:57,200.12,70.0,58.0,13979,48.9
2026-10-09 11:49:59,200.22,70.0,58.0,13979,51.7
2026-10-09 11:50:00,201.41,75.0,58.0,13923,54.1
2026-10-09 11:50:01,211.50,90.0,58.0,13981,56.5
2026-10-09 11:50:02,213.33,91.0,58.0,14063,66.3
2026-10-09 11:50:03,216.88,86.0,58.0,14371,66.4
2026-10-09 11:50:04,221.21,92.0,59.0,14396,77.0
2026-10-09 11:50:05,216.20,92.0,58.0,14386,66.7
2026-10-09 11:50:06,221.10,82.0,59.0,14514,68.8
2026-10-09 11:50:07,217.53,82.0,59.0,14514,61.2
2026-10-09 11:50:08,217.55,79.0,58.0,14513,66.0
2026-10-09 11:50:09,221.46,84.0,59.0,14511,59.6
2026-10-09 11:50:10,212.85,78.0,58.0,14539,56.4
2026-10-09 11:50:11,217.51,78.0,58.0,14538,57.4
2026-10-09 11:50:12,222.63,85.0,59.0,14535,57.1
2026-10-09 11:50:13,227.07,78.0,58.0,14537,50.9
2026-10-09 11:50:14,213.60,73.0,58.0,14565,54.2
2026-10-09 11:50:15,204.50,74.0,58.0,14566,52.0
2026-10-09 11:50:17,198.39,80.0,57.0,14590,60.3
2026-10-09 11:50:18,198.89,81.0,57.0,14625,53.7
2026-10-09 11:50:19,208.88,76.0,58.0,14587,44.3
2026-10-09 11:50:20,205.62,80.0,58.0,14484,42.5
2026-10-09 11:50:21,208.47,77.0,58.0,14236,48.2
2026-10-09 11:50:22,209.07,72.0,58.0,14275,52.3
2026-10-09 11:50:23,213.24,81.0,58.0,14323,53.5
2026-10-09 11:50:24,216.58,76.0,58.0,14339,45.2
2026-10-09 11:50:25,210.94,77.0,58.0,14379,52.8
2026-10-09 11:50:26,201.44,75.0,58.0,14413,68.0
2026-10-09 11:50:27,210.38,74.0,58.0,14448,44.8
2026-10-09 11:50:28,215.00,83.0,58.0,14492,52.6
2026-10-09 11:50:29,205.42,71.0,57.0,14521,47.8
2026-10-09 11:50:30,202.75,78.0,58.0,14563,43.9
2026-10-09 11:50:31,210.51,78.0,58.0,14612,51.5
2026-10-09 11:50:32,215.10,88.0,60.0,14613,55.2
2026-10-09 11:50:33,218.40,78.0,58.0,14610,48.1
2026-10-09 11:50:34,212.43,73.0,58.0,14612,46.5
2026-10-09 11:50:35,186.12,68.0,57.0,14615,46.3
2026-10-09 11:50:36,190.52,71.0,58.0,14594,46.5
2026-10-09 11:50:38,209.76,75.0,58.0,14572,80.8
2026-10-09 11:50:39,213.16,84.0,60.0,14576,81.4
2026-10-09 11:50:40,216.71,78.0,59.0,14576,58.0
2026-10-09 11:50:41,214.66,78.0,58.0,14619,50.6
2026-10-09 11:50:42,216.64,89.0,59.0,14603,54.1
2026-10-09 11:50:43,206.57,76.0,57.0,14601,51.0
2026-10-09 11:50:44,214.36,97.0,60.0,14590,51.2
2026-10-09 11:50:45,236.84,99.0,61.0,14586,64.2
2026-10-09 11:50:46,241.91,97.0,60.0,14599,57.8
2026-10-09 11:50:47,221.56,79.0,59.0,14589,54.7
2026-10-09 11:50:48,200.87,73.0,58.0,14571,44.4
2026-10-09 11:50:49,214.76,99.0,60.0,14592,56.4
2026-10-09 11:50:50,239.55,99.0,60.0,14608,58.4
2026-10-09 11:50:51,237.40,99.0,61.0,14619,51.3
2026-10-09 11:50:52,227.94,99.0,60.0,14595,62.7
2026-10-09 11:50:53,244.20,99.0,61.0,14598,60.1
2026-10-09 11:50:54,243.22,99.0,62.0,14593,67.5
2026-10-09 11:50:55,239.70,99.0,62.0,14556,60.1
2026-10-09 11:50:56,235.77,95.0,60.0,14561,72.6
2026-10-09 11:50:58,228.79,88.0,61.0,14573,59.4
2026-10-09 11:50:59,231.00,91.0,61.0,14551,67.7
2026-10-09 11:51:00,227.53,99.0,61.0,14554,65.7
2026-10-09 11:51:01,227.32,92.0,60.0,14542,67.0
2026-10-09 11:51:02,233.33,99.0,61.0,14546,78.1
2026-10-09 11:51:03,218.45,87.0,59.0,14552,78.1
2026-10-09 11:51:04,196.21,79.0,58.0,14534,65.1
2026-10-09 11:51:05,210.95,98.0,61.0,14565,70.0
2026-10-09 11:51:06,234.44,96.0,61.0,14681,74.6
2026-10-09 11:51:07,225.63,99.0,60.0,14547,69.8
2026-10-09 11:51:08,239.20,99.0,61.0,14538,71.9
2026-10-09 11:51:09,249.32,99.0,62.0,14538,63.4
2026-10-09 11:51:10,243.37,97.0,62.0,14540,72.3
2026-10-09 11:51:11,242.13,96.0,61.0,14536,64.5
2026-10-09 11:51:12,245.30,99.0,61.0,14566,68.8
2026-10-09 11:51:13,233.01,91.0,61.0,14521,67.5
2026-10-09 11:51:15,238.63,99.0,61.0,14528,71.9
2026-10-09 11:51:16,234.49,99.0,60.0,14535,68.8
2026-10-09 11:51:17,233.36,98.0,61.0,14541,71.9
2026-10-09 11:51:18,233.54,97.0,62.0,14545,77.8
2026-10-09 11:51:19,225.58,92.0,61.0,14557,75.4
2026-10-09 11:51:20,227.23,93.0,61.0,14549,64.7
2026-10-09 11:51:21,230.28,98.0,62.0,14553,66.4
2026-10-09 11:51:22,232.62,87.0,61.0,14532,69.5
2026-10-09 11:51:23,226.13,81.0,61.0,14505,62.5
2026-10-09 11:51:24,228.88,99.0,60.0,14546,67.1
2026-10-09 11:51:25,223.42,91.0,60.0,14524,78.1
2026-10-09 11:51:26,218.43,98.0,60.0,14552,67.6
2026-10-09 11:51:27,222.61,85.0,61.0,14552,77.9
2026-10-09 11:51:28,223.49,99.0,62.0,14597,80.1
2026-10-09 11:51:29,205.32,67.0,58.0,14525,60.8
2026-10-09 11:51:31,206.09,89.0,60.0,14536,62.5
2026-10-09 11:51:32,211.94,84.0,60.0,14613,70.9
2026-10-09 11:51:33,223.58,83.0,60.0,14548,80.4
2026-10-09 11:51:34,221.52,85.0,61.0,14534,65.9
2026-10-09 11:51:35,222.60,90.0,60.0,14536,64.4
2026-10-09 11:51:36,224.49,92.0,62.0,14538,72.6
2026-10-09 11:51:37,237.73,99.0,62.0,14508,59.6
2026-10-09 11:51:38,229.57,98.0,62.0,14542,65.4
2026-10-09 11:51:39,229.34,95.0,62.0,14541,62.1
2026-10-09 11:51:40,233.47,99.0,61.0,14537,59.7
2026-10-09 11:51:41,238.08,94.0,63.0,14516,64.5
2026-10-09 11:51:42,230.76,78.0,60.0,14519,60.3
2026-10-09 11:51:43,204.78,88.0,60.0,14531,60.8
2026-10-09 11:51:44,205.34,72.0,59.0,14523,61.8
2026-10-09 11:51:45,205.11,80.0,61.0,14542,60.8
2026-10-09 11:51:47,219.07,80.0,60.0,14524,59.6
2026-10-09 11:51:48,220.29,90.0,61.0,14520,70.1
2026-10-09 11:51:49,222.54,92.0,61.0,14526,62.5
2026-10-09 11:51:50,209.60,71.0,59.0,14517,63.2
2026-10-09 11:51:51,225.07,93.0,62.0,14533,60.8
2026-10-09 11:51:52,229.16,86.0,61.0,14518,68.0
2026-10-09 11:51:53,228.40,98.0,62.0,14533,60.3
2026-10-09 11:51:54,227.12,97.0,61.0,14565,68.6
2026-10-09 11:51:55,226.27,98.0,61.0,14635,60.1
2026-10-09 11:51:56,229.79,93.0,61.0,14552,57.1
2026-10-09 11:51:57,232.22,99.0,61.0,14552,68.3
2026-10-09 11:51:58,229.64,91.0,61.0,14505,62.7
2026-10-09 11:51:59,210.82,75.0,60.0,14496,59.9
2026-10-09 11:52:00,223.29,91.0,61.0,14546,58.8
2026-10-09 11:52:01,206.94,70.0,60.0,14541,60.4
2026-10-09 11:52:02,200.70,82.0,60.0,14540,59.0
2026-10-09 11:52:03,201.51,80.0,60.0,14574,61.4
2026-10-09 11:52:05,220.28,99.0,61.0,14537,63.6
2026-10-09 11:52:06,231.15,99.0,62.0,14520,70.1
2026-10-09 11:52:07,228.64,99.0,60.0,14575,65.3
2026-10-09 11:52:08,235.56,99.0,61.0,14545,61.9
2026-10-09 11:52:09,231.60,83.0,61.0,14535,72.6
2026-10-09 11:52:10,226.85,80.0,62.0,14512,58.6
2026-10-09 11:52:11,230.64,99.0,62.0,14575,71.6
2026-10-09 11:52:12,236.11,98.0,62.0,14539,76.1
2026-10-09 11:52:13,234.56,98.0,62.0,14545,59.0
2026-10-09 11:52:14,233.74,96.0,62.0,14547,67.9
2026-10-09 11:52:15,231.53,99.0,62.0,14537,73.5
2026-10-09 11:52:16,239.95,99.0,62.0,14541,65.7
2026-10-09 11:52:17,236.86,89.0,62.0,14539,67.7
2026-10-09 11:52:18,232.32,89.0,62.0,14483,75.4
2026-10-09 11:52:19,239.23,99.0,61.0,14542,99.3
2026-10-09 11:52:20,236.97,93.0,62.0,14529,81.2
2026-10-09 11:52:22,236.70,99.0,61.0,14566,68.2
2026-10-09 11:52:23,245.17,93.0,62.0,14531,59.9
2026-10-09 11:52:24,241.08,99.0,61.0,14542,60.3
2026-10-09 11:52:25,223.71,82.0,61.0,14577,64.5
2026-10-09 11:52:26,227.14,96.0,61.0,14646,64.2
2026-10-09 11:52:27,227.63,99.0,62.0,14580,73.7
2026-10-09 11:52:28,237.05,97.0,62.0,14556,68.9
2026-10-09 11:52:29,238.83,96.0,62.0,14540,63.2
2026-10-09 11:52:30,234.38,84.0,62.0,14476,63.1
2026-10-09 11:52:31,232.55,98.0,61.0,14536,68.7
2026-10-09 11:52:32,234.81,88.0,62.0,14533,67.5
2026-10-09 11:52:33,235.65,88.0,62.0,14526,72.6
2026-10-09 11:52:34,234.64,99.0,61.0,14573,75.6
2026-10-09 11:52:35,235.39,88.0,61.0,14530,64.7
2026-10-09 11:52:36,221.34,92.0,61.0,14541,70.0
2026-10-09 11:52:37,215.16,82.0,61.0,14524,67.4
2026-10-09 11:52:38,217.80,79.0,61.0,14511,71.5
2026-10-09 11:52:40,200.57,71.0,61.0,14513,59.0
2026-10-09 11:52:41,201.83,80.0,61.0,14509,59.5
2026-10-09 11:52:42,206.57,72.0,60.0,14515,65.6
2026-10-09 11:52:43,215.28,85.0,60.0,14498,75.7
2026-10-09 11:52:44,217.54,99.0,61.0,14527,66.4
2026-10-09 11:52:45,222.29,85.0,61.0,14466,70.1
2026-10-09 11:52:46,219.57,94.0,61.0,14525,72.4
2026-10-09 11:52:47,206.09,71.0,61.0,14497,64.7
2026-10-09 11:52:48,204.95,93.0,60.0,14545,62.1
2026-10-09 11:52:49,212.92,81.0,60.0,14520,70.6
2026-10-09 11:52:50,209.14,86.0,60.0,14510,63.2
2026-10-09 11:52:51,206.42,80.0,60.0,14519,66.7
2026-10-09 11:52:52,212.56,92.0,61.0,14535,60.2
2026-10-09 11:52:53,215.56,99.0,61.0,14544,72.4
2026-10-09 11:52:54,202.96,70.0,61.0,14530,53.5
2026-10-09 11:52:55,202.12,88.0,61.0,14564,60.3
2026-10-09 11:52:56,216.52,83.0,61.0,14549,58.8
2026-10-09 11:52:57,217.15,83.0,61.0,14497,65.9
2026-10-09 11:52:59,220.54,90.0,61.0,14515,66.5
2026-10-09 11:53:00,229.70,99.0,61.0,14529,65.7
2026-10-09 11:53:01,223.93,99.0,60.0,14546,64.7
2026-10-09 11:53:02,223.79,99.0,60.0,14518,62.3
2026-10-09 11:53:03,221.22,99.0,60.0,14535,66.4
2026-10-09 11:53:04,223.16,96.0,62.0,14636,76.8
2026-10-09 11:53:05,225.48,99.0,61.0,14540,65.6
2026-10-09 11:53:06,223.28,94.0,61.0,14526,70.0
2026-10-09 11:53:07,233.43,97.0,62.0,14514,68.8
2026-10-09 11:53:08,232.94,99.0,61.0,14528,58.4
2026-10-09 11:53:09,228.45,98.0,61.0,14528,69.7
2026-10-09 11:53:10,225.70,99.0,60.0,14523,59.4
2026-10-09 11:53:11,232.02,97.0,61.0,14565,65.6
2026-10-09 11:53:12,222.31,96.0,61.0,14515,73.0
2026-10-09 11:53:13,217.57,90.0,60.0,14519,60.3
2026-10-09 11:53:14,223.12,99.0,61.0,14529,64.0
2026-10-09 11:53:16,231.48,99.0,61.0,14528,73.9
2026-10-09 11:53:17,226.33,96.0,62.0,14588,66.9
2026-10-09 11:53:18,218.49,84.0,60.0,14541,66.2
2026-10-09 11:53:19,222.54,95.0,61.0,14541,65.6
2026-10-09 11:53:20,225.65,98.0,60.0,14529,54.7
2026-10-09 11:53:21,234.58,99.0,60.0,14535,58.4
2026-10-09 11:53:22,238.34,91.0,61.0,14536,64.7
2026-10-09 11:53:23,231.40,99.0,61.0,14522,73.5
2026-10-09 11:53:24,235.50,96.0,62.0,14563,66.1
2026-10-09 11:53:25,225.53,81.0,60.0,14503,69.5
2026-10-09 11:53:26,204.01,80.0,60.0,14508,75.5
2026-10-09 11:53:27,198.91,82.0,60.0,14382,78.3
2026-10-09 11:53:28,193.95,76.0,60.0,14387,59.6
2026-10-09 11:53:29,208.37,85.0,61.0,14418,67.2
2026-10-09 11:53:30,211.21,89.0,61.0,14407,66.0
2026-10-09 11:53:32,202.07,80.0,60.0,14393,64.0
2026-10-09 11:53:33,203.24,86.0,60.0,14424,60.2
2026-10-09 11:53:34,209.79,82.0,61.0,14405,60.5
2026-10-09 11:53:35,194.25,90.0,59.0,14442,75.8
2026-10-09 11:53:36,200.21,84.0,60.0,14431,63.4
2026-10-09 11:53:37,209.52,77.0,60.0,14389,66.5
2026-10-09 11:53:38,211.62,80.0,60.0,14412,73.5
2026-10-09 11:53:39,203.80,85.0,60.0,14399,69.7
2026-10-09 11:53:40,204.71,75.0,60.0,14407,70.4
2026-10-09 11:53:41,208.10,81.0,60.0,14400,62.2
2026-10-09 11:53:42,221.88,93.0,61.0,14414,60.6
2026-10-09 11:53:43,219.42,83.0,60.0,14385,63.6
2026-10-09 11:53:44,221.59,87.0,60.0,14380,63.1
2026-10-09 11:53:45,221.53,98.0,60.0,14400,61.2
2026-10-09 11:53:46,232.28,92.0,61.0,14409,73.2
2026-10-09 11:53:47,228.18,83.0,60.0,14391,72.8
2026-10-09 11:53:49,209.73,71.0,60.0,14403,67.0
2026-10-09 11:53:50,200.08,86.0,60.0,14415,69.2
2026-10-09 11:53:51,195.75,73.0,60.0,14404,55.0
2026-10-09 11:53:52,177.29,57.0,59.0,14393,54.8
2026-10-09 11:53:53,170.42,67.0,59.0,14399,53.5
2026-10-09 11:53:54,170.87,52.0,59.0,14356,51.1
2026-10-09 11:53:55,157.19,50.0,58.0,14353,49.3
2026-10-09 11:53:56,170.63,66.0,59.0,14389,51.1
2026-10-09 11:53:57,193.26,79.0,59.0,14393,53.9
2026-10-09 11:53:58,233.55,96.0,61.0,14433,69.6
2026-10-09 11:53:59,218.76,67.0,60.0,14415,50.9
2026-10-09 11:54:00,187.04,52.0,59.0,14395,49.4
2026-10-09 11:54:01,161.38,54.0,57.0,14400,50.4
2026-10-09 11:54:02,197.33,88.0,59.0,14391,54.7
2026-10-09 11:54:03,207.08,76.0,59.0,14403,62.3
2026-10-09 11:54:04,203.57,83.0,59.0,14433,61.2
2026-10-09 11:54:05,202.16,82.0,59.0,14406,63.8
2026-10-09 11:54:06,176.23,59.0,58.0,14405,59.7
2026-10-09 11:54:07,163.13,66.0,58.0,14384,52.1
2026-10-09 11:54:09,152.18,44.0,58.0,14396,55.2
2026-10-09 11:54:10,152.74,44.0,58.0,14388,53.7
2026-10-09 11:54:11,155.26,62.0,58.0,14414,50.0
2026-10-09 11:54:12,163.95,71.0,58.0,14379,57.0
2026-10-09 11:54:13,184.03,57.0,58.0,14309,50.9
2026-10-09 11:54:14,182.98,56.0,58.0,14282,43.0
2026-10-09 11:54:15,170.85,53.0,56.0,14385,83.6
2026-10-09 11:54:16,158.82,73.0,56.0,14405,70.5
2026-10-09 11:54:17,178.21,56.0,58.0,14484,59.7
2026-10-09 11:54:18,176.57,52.0,58.0,14446,29.7
2026-10-09 11:54:19,174.62,51.0,58.0,14421,25.4
2026-10-09 11:54:20,171.64,51.0,58.0,14418,29.3
2026-10-09 11:54:21,169.91,47.0,58.0,14411,26.5
2026-10-09 11:54:22,158.31,43.0,57.0,14381,24.8
2026-10-09 11:54:23,155.19,41.0,57.0,14357,23.9
2026-10-09 11:54:24,152.08,41.0,57.0,14657,28.2
2026-10-09 11:54:25,171.59,51.0,58.0,14685,58.8
2026-10-09 11:54:26,183.72,56.0,58.0,14674,25.6
2026-10-09 11:54:27,191.44,63.0,59.0,14698,25.6
2026-10-09 11:54:28,195.19,54.0,58.0,14720,28.5
2026-10-09 11:54:29,186.68,63.0,59.0,14839,24.4
2026-10-09 11:54:30,202.72,63.0,59.0,14833,26.9
2026-10-09 11:54:31,204.33,64.0,59.0,14711,25.9
2026-10-09 11:54:32,206.83,64.0,59.0,14692,22.3
2026-10-09 11:54:33,213.29,68.0,60.0,14699,22.2
2026-10-09 11:54:35,223.17,60.0,59.0,14843,26.2
2026-10-09 11:54:36,189.26,56.0,58.0,14842,28.5
2026-10-09 11:54:37,188.13,66.0,57.0,14842,24.4
2026-10-09 11:54:38,190.95,60.0,58.0,14838,29.3
2026-10-09 11:54:39,199.58,62.0,59.0,14839,29.5
2026-10-09 11:54:40,205.68,67.0,59.0,14846,27.8
2026-10-09 11:54:41,218.57,67.0,59.0,14826,22.3
2026-10-09 11:54:42,183.90,50.0,57.0,14732,24.7
2026-10-09 11:54:43,167.52,51.0,57.0,14732,27.9
2026-10-09 11:54:44,169.09,52.0,57.0,14732,25.7
2026-10-09 11:54:45,170.51,52.0,57.0,14654,23.8
2026-10-09 11:54:46,172.75,53.0,57.0,14600,26.5
2026-10-09 11:54:47,184.45,66.0,58.0,14810,23.1
2026-10-09 11:54:48,209.15,71.0,59.0,14818,42.7
2026-10-09 11:54:49,211.09,68.0,59.0,14853,26.7
2026-10-09 11:54:50,192.14,50.0,58.0,14842,23.3
2026-10-09 11:54:51,182.28,52.0,58.0,14703,27.8
2026-10-09 11:54:52,188.20,53.0,58.0,14844,27.1
2026-10-09 11:54:53,215.63,66.0,60.0,14847,24.1
2026-10-09 11:54:54,229.69,73.0,61.0,14845,26.1
2026-10-09 11:54:55,235.89,72.0,60.0,14845,26.7
2026-10-09 11:54:56,239.75,72.0,61.0,14846,30.9
2026-10-09 11:54:57,227.55,57.0,58.0,14849,28.4
2026-10-09 11:54:58,181.98,57.0,58.0,14840,29.0
2026-10-09 11:54:59,182.11,60.0,58.0,14842,25.2
2026-10-09 11:55:00,184.19,57.0,57.0,14842,25.6
2026-10-09 11:55:01,180.74,56.0,57.0,14835,24.2
2026-10-09 11:55:02,181.25,57.0,57.0,15011,25.7
2026-10-09 11:55:04,216.68,72.0,60.0,14851,20.3
2026-10-09 11:55:05,233.15,76.0,60.0,14526,27.1
2026-10-09 11:55:06,237.21,74.0,60.0,14647,27.2
2026-10-09 11:55:07,206.78,58.0,58.0,14618,29.5
2026-10-09 11:55:08,187.66,57.0,58.0,14618,28.6
2026-10-09 11:55:09,186.07,57.0,58.0,14624,28.7
2026-10-09 11:55:10,184.87,55.0,58.0,14470,26.5
2026-10-09 11:55:11,211.13,73.0,59.0,14533,31.0
2026-10-09 11:55:12,224.39,74.0,59.0,14533,25.6
2026-10-09 11:55:13,223.67,72.0,59.0,14533,25.0
2026-10-09 11:55:14,219.05,56.0,58.0,14613,22.6
2026-10-09 11:55:15,187.49,55.0,58.0,14613,20.1
2026-10-09 11:55:16,186.23,55.0,58.0,14613,30.0
2026-10-09 11:55:17,197.39,66.0,59.0,14916,25.2
2026-10-09 11:55:18,208.58,66.0,58.0,14859,26.3
2026-10-09 11:55:19,204.65,66.0,58.0,14860,24.3
2026-10-09 11:55:20,217.81,72.0,59.0,14836,31.8
2026-10-09 11:55:21,227.08,77.0,59.0,14836,24.8
2026-10-09 11:55:22,237.35,66.0,59.0,14854,24.4
2026-10-09 11:55:23,223.38,73.0,60.0,14765,31.2
2026-10-09 11:55:24,246.74,80.0,61.0,14792,27.8
2026-10-09 11:55:25,250.37,80.0,61.0,14789,25.5
2026-10-09 11:55:26,246.45,88.0,61.0,14823,30.6
2026-10-09 11:55:27,258.01,87.0,61.0,14796,28.4
2026-10-09 11:55:28,256.09,82.0,61.0,14796,29.0
2026-10-09 11:55:29,241.87,76.0,60.0,14851,24.6
2026-10-09 11:55:31,210.95,83.0,60.0,14849,31.1
2026-10-09 11:55:32,208.47,61.0,58.0,14793,26.7
2026-10-09 11:55:33,202.98,91.0,60.0,14855,28.8
2026-10-09 11:55:34,196.71,65.0,58.0,14611,23.1
2026-10-09 11:55:35,194.56,62.0,58.0,14619,24.8
2026-10-09 11:55:36,193.20,60.0,58.0,14642,22.8
2026-10-09 11:55:37,192.95,64.0,57.0,14786,25.4
2026-10-09 11:55:38,194.86,63.0,57.0,14786,29.7
2026-10-09 11:55:39,196.34,81.0,58.0,14848,30.9
2026-10-09 11:55:40,194.78,63.0,58.0,14841,28.0
2026-10-09 11:55:41,194.87,63.0,58.0,14786,28.4
2026-10-09 11:55:42,194.43,62.0,58.0,14786,25.4
2026-10-09 11:55:43,195.69,64.0,58.0,14769,23.9
2026-10-09 11:55:44,189.59,55.0,57.0,14835,23.6
2026-10-09 11:55:45,181.09,55.0,57.0,14784,24.4
2026-10-09 11:55:46,182.82,56.0,57.0,14741,21.8
2026-10-09 11:55:47,197.34,65.0,58.0,14846,24.3
2026-10-09 11:55:48,205.25,63.0,58.0,14828,25.2
2026-10-09 11:55:49,211.08,65.0,58.0,15018,27.1
2026-10-09 11:55:50,195.24,61.0,57.0,14844,23.0
2026-10-09 11:55:51,199.15,66.0,58.0,14843,27.2
2026-10-09 11:55:52,202.76,65.0,58.0,14818,23.9
2026-10-09 11:55:53,201.80,64.0,58.0,14668,27.9
2026-10-09 11:55:54,203.29,65.0,58.0,14678,29.8
2026-10-09 11:55:55,202.44,64.0,58.0,14678,24.1
2026-10-09 11:55:56,210.83,73.0,58.0,14841,26.7
2026-10-09 11:55:57,220.81,75.0,59.0,14846,18.9
2026-10-09 11:55:59,224.43,77.0,59.0,14850,23.2
2026-10-09 11:56:00,213.34,62.0,58.0,14850,22.3
2026-10-09 11:56:01,214.55,70.0,59.0,14766,26.9
2026-10-09 11:56:02,209.32,69.0,58.0,14809,29.0
2026-10-09 11:56:03,207.08,65.0,58.0,14847,25.6
2026-10-09 11:56:04,193.19,54.0,57.0,14736,24.5
2026-10-09 11:56:05,180.96,52.0,57.0,14731,29.1
2026-10-09 11:56:06,179.14,51.0,57.0,14731,26.6
2026-10-09 11:56:07,180.45,65.0,58.0,14733,26.7
2026-10-09 11:56:08,187.52,61.0,57.0,14796,26.9
2026-10-09 11:56:09,204.71,65.0,57.0,14841,26.9
2026-10-09 11:56:10,209.10,66.0,57.0,14843,28.5
2026-10-09 11:56:11,212.51,67.0,57.0,14830,24.2
2026-10-09 11:56:12,213.65,67.0,57.0,14830,23.4
2026-10-09 11:56:13,214.16,71.0,58.0,14621,26.4
2026-10-09 11:56:14,218.12,77.0,58.0,14632,27.1
2026-10-09 11:56:15,225.31,57.0,58.0,14830,35.8
2026-10-09 11:56:16,199.45,58.0,58.0,14830,23.3
2026-10-09 11:56:17,200.59,58.0,57.0,14830,23.7
2026-10-09 11:56:18,254.47,89.0,61.0,14818,35.8
2026-10-09 11:56:19,249.68,88.0,61.0,14816,24.6
2026-10-09 11:56:20,234.33,79.0,59.0,14785,27.3
2026-10-09 11:56:21,224.57,76.0,58.0,14787,28.1
2026-10-09 11:56:22,215.18,55.0,57.0,14851,28.9
2026-10-09 11:56:23,197.20,55.0,57.0,14852,28.0
2026-10-09 11:56:24,206.62,64.0,58.0,14841,26.2
2026-10-09 11:56:26,211.44,64.0,58.0,14776,29.1
2026-10-09 11:56:27,212.32,67.0,58.0,14747,23.7
2026-10-09 11:56:28,215.73,67.0,58.0,14752,25.4
2026-10-09 11:56:29,211.37,64.0,58.0,14844,31.7
2026-10-09 11:56:30,214.38,68.0,58.0,14842,29.4
2026-10-09 11:56:31,216.02,61.0,58.0,14840,22.2
2026-10-09 11:56:32,210.83,60.0,57.0,14646,30.0
2026-10-09 11:56:33,186.50,53.0,56.0,14716,25.6
2026-10-09 11:56:34,192.93,59.0,57.0,14854,31.5
2026-10-09 11:56:35,193.76,60.0,57.0,14889,22.2
2026-10-09 11:56:36,200.20,60.0,57.0,14832,31.5
2026-10-09 11:56:37,195.93,54.0,56.0,14826,20.8
2026-10-09 11:56:38,187.69,55.0,56.0,14842,25.0
2026-10-09 11:56:39,211.80,66.0,58.0,14786,23.5
2026-10-09 11:56:40,201.58,54.0,56.0,14986,26.7
2026-10-09 11:56:41,193.54,68.0,57.0,14920,30.8
2026-10-09 11:56:42,209.26,58.0,57.0,14840,29.1
2026-10-09 11:56:43,197.88,52.0,57.0,14825,22.1
2026-10-09 11:56:44,205.77,55.0,58.0,14825,18.9
2026-10-09 11:56:45,217.23,79.0,61.0,14844,30.8
2026-10-09 11:56:46,196.30,58.0,57.0,14746,37.7
2026-10-09 11:56:47,192.62,58.0,57.0,14745,29.7
2026-10-09 11:56:48,208.16,66.0,58.0,14810,27.4
2026-10-09 11:56:49,209.36,65.0,57.0,14754,29.6
2026-10-09 11:56:50,202.01,61.0,57.0,14687,29.5
2026-10-09 11:56:51,201.64,67.0,57.0,14691,27.8
2026-10-09 11:56:52,204.59,65.0,57.0,14702,27.3
2026-10-09 11:56:54,204.88,63.0,57.0,14826,29.1
2026-10-09 11:56:55,187.36,60.0,56.0,14831,26.8
2026-10-09 11:56:56,188.05,62.0,57.0,14811,21.7
2026-10-09 11:56:57,194.27,54.0,56.0,14815,23.5
2026-10-09 11:56:58,191.00,56.0,56.0,14833,28.4
2026-10-09 11:56:59,208.77,70.0,58.0,14796,29.7
2026-10-09 11:57:00,212.29,65.0,57.0,14829,25.9
2026-10-09 11:57:01,205.34,64.0,56.0,14830,25.8
2026-10-09 11:57:02,187.27,93.0,59.0,14826,29.9
2026-10-09 11:57:03,223.74,91.0,58.0,14822,26.9
2026-10-09 11:57:04,206.15,92.0,59.0,14820,25.4
2026-10-09 11:57:05,225.65,72.0,58.0,14816,38.2
2026-10-09 11:57:06,201.42,63.0,57.0,14813,25.2
2026-10-09 11:57:07,220.49,70.0,58.0,14731,27.1
2026-10-09 11:57:08,217.00,68.0,58.0,14759,26.9
2026-10-09 11:57:09,216.59,66.0,58.0,14741,20.6
2026-10-09 11:57:10,212.99,66.0,58.0,14600,28.4
2026-10-09 11:57:11,212.84,67.0,58.0,14610,20.5
2026-10-09 11:57:12,213.69,67.0,58.0,14633,29.0
2026-10-09 11:57:13,222.37,80.0,60.0,14617,31.1
2026-10-09 11:57:14,248.64,99.0,61.0,14670,31.5
2026-10-09 11:57:15,245.73,82.0,60.0,14616,33.6
2026-10-09 11:57:16,239.03,81.0,61.0,14606,30.7
2026-10-09 11:57:17,243.38,89.0,61.0,14619,30.1
2026-10-09 11:57:18,254.91,90.0,62.0,14643,29.1
2026-10-09 11:57:19,248.97,89.0,61.0,14682,35.6
2026-10-09 11:57:21,235.43,79.0,60.0,14583,31.0
2026-10-09 11:57:22,230.53,72.0,59.0,14599,25.8
2026-10-09 11:57:23,213.54,68.0,59.0,14597,32.2
2026-10-09 11:57:24,209.80,74.0,59.0,14674,29.0
2026-10-09 11:57:25,229.52,90.0,62.0,14719,34.3
2026-10-09 11:57:26,227.46,72.0,59.0,14646,46.9
2026-10-09 11:57:27,196.41,63.0,58.0,14666,33.5
2026-10-09 11:57:28,191.66,68.0,58.0,14718,33.7
2026-10-09 11:57:29,205.41,70.0,59.0,14735,28.5
2026-10-09 11:57:30,211.52,78.0,59.0,14845,36.7
2026-10-09 11:57:31,243.99,99.0,62.0,14803,30.5
2026-10-09 11:57:32,235.74,75.0,60.0,14757,64.2
2026-10-09 11:57:33,218.27,64.0,59.0,14748,30.6
2026-10-09 11:57:34,211.79,61.0,58.0,14753,28.4
2026-10-09 11:57:35,213.51,72.0,60.0,14775,25.2
2026-10-09 11:57:36,230.08,84.0,62.0,14736,29.4
2026-10-09 11:57:37,226.20,67.0,59.0,14738,28.7
2026-10-09 11:57:38,218.30,67.0,59.0,14738,29.5
2026-10-09 11:57:39,218.61,67.0,59.0,14727,26.7
2026-10-09 11:57:40,221.17,70.0,60.0,14693,28.0
2026-10-09 11:57:41,219.38,74.0,60.0,14666,24.9
2026-10-09 11:57:42,222.78,96.0,63.0,14768,31.6
2026-10-09 11:57:43,226.92,97.0,62.0,14759,31.2
2026-10-09 11:57:44,255.70,98.0,61.0,14797,36.8
2026-10-09 11:57:45,253.99,86.0,62.0,14768,28.6
2026-10-09 11:57:47,240.00,79.0,61.0,14757,29.9
2026-10-09 11:57:48,223.18,68.0,58.0,14762,32.5
2026-10-09 11:57:49,195.60,65.0,58.0,14751,31.1
2026-10-09 11:57:50,203.70,67.0,59.0,14753,23.3
2026-10-09 11:57:51,209.13,64.0,59.0,14703,26.5
2026-10-09 11:57:52,205.36,62.0,59.0,14689,23.9
2026-10-09 11:57:53,203.02,61.0,58.0,14662,22.3
2026-10-09 11:57:54,203.26,62.0,59.0,14644,22.0
2026-10-09 11:57:55,203.12,62.0,58.0,14644,25.0
2026-10-09 11:57:56,203.03,62.0,58.0,14639,22.7
2026-10-09 11:57:57,203.07,62.0,58.0,14643,27.1
2026-10-09 11:57:58,204.37,72.0,61.0,14721,27.5
2026-10-09 11:57:59,217.21,79.0,61.0,14750,33.0
2026-10-09 11:58:00,223.18,69.0,59.0,14769,32.8
2026-10-09 11:58:01,214.83,73.0,60.0,14743,36.8
2026-10-09 11:58:02,208.79,70.0,59.0,14694,24.6
2026-10-09 11:58:03,211.97,70.0,59.0,14686,29.5
2026-10-09 11:58:04,204.19,69.0,59.0,14644,29.5
2026-10-09 11:58:05,210.39,72.0,59.0,14625,26.9
2026-10-09 11:58:06,211.92,78.0,60.0,14627,28.0
2026-10-09 11:58:07,216.37,78.0,61.0,14626,34.9
2026-10-09 11:58:08,212.67,78.0,60.0,14621,33.7
2026-10-09 11:58:09,212.37,78.0,60.0,14636,30.8
2026-10-09 11:58:10,208.14,70.0,59.0,14639,32.8
2026-10-09 11:58:11,212.33,75.0,60.0,14647,29.7
2026-10-09 11:58:12,207.57,77.0,60.0,14651,35.2
2026-10-09 11:58:14,199.36,75.0,59.0,14663,28.4
2026-10-09 11:58:15,203.86,72.0,59.0,14709,36.0
2026-10-09 11:58:16,212.08,76.0,61.0,14663,33.0
2026-10-09 11:58:17,214.66,76.0,60.0,14539,30.8
2026-10-09 11:58:18,209.14,70.0,59.0,14561,30.2
2026-10-09 11:58:19,215.06,74.0,60.0,14631,33.1
2026-10-09 11:58:20,207.34,72.0,60.0,14637,31.4
2026-10-09 11:58:21,208.22,68.0,59.0,14633,34.5
2026-10-09 11:58:22,204.80,81.0,60.0,14659,40.5
2026-10-09 11:58:23,220.17,84.0,62.0,14693,40.4
2026-10-09 11:58:24,217.83,67.0,59.0,14743,28.5
2026-10-09 11:58:25,202.74,76.0,61.0,14745,31.9
2026-10-09 11:58:26,206.31,73.0,61.0,14740,35.8
2026-10-09 11:58:27,198.58,71.0,59.0,14773,31.4
2026-10-09 11:58:28,201.08,61.0,59.0,14733,47.3
2026-10-09 11:58:29,216.74,71.0,62.0,14722,32.1
2026-10-09 11:58:30,230.04,79.0,62.0,14763,30.7
2026-10-09 11:58:31,225.25,83.0,61.0,14740,45.0
2026-10-09 11:58:32,227.29,75.0,61.0,14640,33.1
2026-10-09 11:58:33,218.01,73.0,61.0,14616,30.7
2026-10-09 11:58:34,221.72,74.0,60.0,14625,31.5
2026-10-09 11:58:35,212.18,74.0,62.0,14539,35.1
2026-10-09 11:58:36,228.54,78.0,61.0,14566,34.0
2026-10-09 11:58:37,232.81,74.0,62.0,14576,36.9
2026-10-09 11:58:38,219.38,72.0,61.0,14594,34.1
2026-10-09 11:58:40,232.60,85.0,62.0,14543,36.2
2026-10-09 11:58:41,233.20,75.0,61.0,14502,34.0
2026-10-09 11:58:42,240.82,81.0,62.0,14519,35.6
2026-10-09 11:58:43,236.14,74.0,62.0,14545,38.1
2026-10-09 11:58:44,214.83,73.0,61.0,14532,37.7
2026-10-09 11:58:45,216.57,69.0,61.0,14582,33.6
2026-10-09 11:58:46,213.69,70.0,61.0,14595,33.0
2026-10-09 11:58:47,210.45,66.0,60.0,14597,33.4
2026-10-09 11:58:48,198.42,72.0,60.0,14594,26.5
2026-10-09 11:58:49,200.38,60.0,59.0,14599,26.7
2026-10-09 11:58:50,201.50,76.0,61.0,14668,30.0
2026-10-09 11:58:51,202.52,62.0,60.0,14684,28.6
2026-10-09 11:58:52,197.57,59.0,59.0,14677,33.8
2026-10-09 11:58:53,195.21,70.0,60.0,14696,31.8
2026-10-09 11:58:54,202.87,66.0,61.0,14745,27.7
2026-10-09 11:58:55,214.62,68.0,61.0,14736,34.7
2026-10-09 11:58:56,208.04,62.0,60.0,14761,30.2
2026-10-09 11:58:57,215.18,78.0,61.0,14768,40.9
2026-10-09 11:58:58,200.28,70.0,59.0,14779,31.6
2026-10-09 11:58:59,203.00,64.0,60.0,14767,29.9
2026-10-09 11:59:00,209.75,80.0,60.0,14778,30.4
2026-10-09 11:59:01,223.23,87.0,62.0,14752,32.1
2026-10-09 11:59:02,228.46,77.0,62.0,14773,29.5
2026-10-09 11:59:03,206.73,67.0,61.0,14790,30.9
2026-10-09 11:59:04,203.99,60.0,60.0,14662,36.0
2026-10-09 11:59:06,197.65,69.0,61.0,14781,54.9
2026-10-09 11:59:07,214.57,62.0,62.0,14766,23.5
2026-10-09 11:59:08,207.29,58.0,60.0,14764,29.9
2026-10-09 11:59:09,202.82,60.0,60.0,14767,35.4
2026-10-09 11:59:10,201.50,62.0,60.0,14759,30.5
2026-10-09 11:59:11,193.17,72.0,61.0,14762,29.2
2026-10-09 11:59:12,222.92,98.0,61.0,14766,45.5
2026-10-09 11:59:13,224.05,86.0,61.0,14761,31.5
2026-10-09 11:59:14,222.57,86.0,60.0,14795,30.1
2026-10-09 11:59:15,231.14,69.0,62.0,14761,28.6
2026-10-09 11:59:16,221.76,66.0,62.0,14762,29.0
2026-10-09 11:59:17,215.45,69.0,61.0,14756,38.1
2026-10-09 11:59:18,190.90,45.0,58.0,14749,42.5
2026-10-09 11:59:19,204.61,75.0,60.0,14751,29.0
2026-10-09 11:59:20,204.60,79.0,60.0,14749,36.6
2026-10-09 11:59:21,221.12,72.0,61.0,14747,39.7
2026-10-09 11:59:22,236.23,78.0,62.0,14732,38.2
2026-10-09 11:59:23,235.68,80.0,61.0,14740,32.6
2026-10-09 11:59:24,220.32,88.0,61.0,14719,32.8
2026-10-09 11:59:25,233.26,83.0,62.0,14713,36.9
2026-10-09 11:59:26,235.98,77.0,62.0,14716,40.1
2026-10-09 11:59:27,234.85,73.0,61.0,14678,30.9
2026-10-09 11:59:28,217.81,71.0,61.0,14617,27.5
2026-10-09 11:59:29,219.09,72.0,61.0,14586,28.4
2026-10-09 11:59:30,217.38,71.0,61.0,14534,26.0
2026-10-09 11:59:32,219.49,79.0,61.0,14720,34.6
2026-10-09 11:59:33,219.62,74.0,61.0,14691,38.2
2026-10-09 11:59:34,212.44,73.0,61.0,14686,31.1
2026-10-09 11:59:35,214.96,78.0,61.0,14649,33.0
2026-10-09 11:59:36,214.53,88.0,59.0,14693,36.2
2026-10-09 11:59:37,231.70,73.0,61.0,14671,32.8
2026-10-09 11:59:38,212.99,67.0,60.0,14660,37.2
2026-10-09 11:59:39,204.24,62.0,61.0,14677,35.6
2026-10-09 11:59:40,196.27,61.0,60.0,14690,34.8
2026-10-09 11:59:41,194.28,70.0,60.0,14696,36.8
2026-10-09 11:59:42,210.78,72.0,61.0,14661,30.5
2026-10-09 11:59:43,195.80,61.0,60.0,14677,33.3
2026-10-09 11:59:44,190.12,61.0,60.0,14766,30.3
2026-10-09 11:59:45,178.17,54.0,59.0,14753,31.1
2026-10-09 11:59:46,179.35,63.0,59.0,14758,35.0
2026-10-09 11:59:47,192.90,79.0,60.0,14775,32.4
2026-10-09 11:59:48,212.25,84.0,61.0,14684,47.7
2026-10-09 11:59:49,215.85,79.0,61.0,14675,37.9
2026-10-09 11:59:50,222.89,94.0,61.0,14772,43.3
2026-10-09 11:59:51,200.57,66.0,60.0,14763,44.7
2026-10-09 11:59:52,199.44,72.0,60.0,14740,37.1
2026-10-09 11:59:53,200.59,63.0,59.0,14720,35.8
2026-10-09 11:59:54,186.59,57.0,59.0,14717,34.3
2026-10-09 11:59:55,183.68,62.0,59.0,14760,31.9
2026-10-09 11:59:56,192.22,78.0,59.0,14771,35.2
2026-10-09 11:59:57,193.64,65.0,59.0,14808,42.2
2026-10-09 11:59:59,203.03,80.0,60.0,14796,40.9
2026-10-09 12:00:00,215.34,83.0,60.0,14768,38.0
2026-10-09 12:00:01,221.57,80.0,61.0,14724,34.6
2026-10-09 12:00:02,225.50,79.0,61.0,14735,37.3
2026-10-09 12:00:03,216.71,83.0,60.0,14766,34.9
2026-10-09 12:00:04,214.54,85.0,61.0,14780,48.9
2026-10-09 12:00:05,227.13,84.0,61.0,14771,35.4
2026-10-09 12:00:06,221.78,87.0,60.0,14766,38.1
2026-10-09 12:00:07,224.39,95.0,60.0,14778,31.5
2026-10-09 12:00:08,208.57,72.0,60.0,14766,39.8
2026-10-09 12:00:09,200.73,66.0,60.0,14762,32.8
2026-10-09 12:00:10,202.73,68.0,60.0,14765,34.3
2026-10-09 12:00:11,207.01,67.0,60.0,14752,32.0
2026-10-09 12:00:12,195.75,64.0,60.0,14747,30.9
2026-10-09 12:00:13,201.04,80.0,60.0,14749,34.3
2026-10-09 12:00:14,228.76,68.0,60.0,14734,35.4
2026-10-09 12:00:15,198.65,61.0,60.0,14729,32.8
2026-10-09 12:00:16,202.32,70.0,58.0,14766,30.9
2026-10-09 12:00:17,193.53,65.0,60.0,14743,35.4
2026-10-09 12:00:18,205.10,71.0,60.0,14735,33.0
2026-10-09 12:00:19,210.55,72.0,59.0,14780,33.6
2026-10-09 12:00:20,212.55,72.0,60.0,14763,36.1
2026-10-09 12:00:21,209.29,67.0,60.0,14761,34.7
2026-10-09 12:00:22,208.87,83.0,59.0,14770,38.8
2026-10-09 12:00:23,209.76,71.0,59.0,14768,34.1
2026-10-09 12:00:25,220.12,90.0,61.0,14770,39.6
2026-10-09 12:00:26,222.98,76.0,61.0,14767,36.4
2026-10-09 12:00:27,226.73,85.0,61.0,14792,33.9
2026-10-09 12:00:28,229.85,99.0,62.0,14753,37.9
2026-10-09 12:00:29,257.96,97.0,62.0,14754,36.9
2026-10-09 12:00:30,245.21,99.0,61.0,14774,47.9
2026-10-09 12:00:31,206.10,82.0,59.0,14784,40.8
2026-10-09 12:00:32,208.82,70.0,59.0,14772,31.7
2026-10-09 12:00:33,210.56,82.0,60.0,14770,38.0
2026-10-09 12:00:34,201.69,68.0,58.0,14784,32.6
2026-10-09 12:00:35,199.96,80.0,58.0,14756,30.9
2026-10-09 12:00:36,207.91,82.0,59.0,14733,31.6
2026-10-09 12:00:37,218.46,99.0,61.0,14751,33.3
2026-10-09 12:00:38,218.80,70.0,60.0,14765,34.1
2026-10-09 12:00:39,209.28,79.0,59.0,14766,23.9
2026-10-09 12:00:40,192.90,69.0,59.0,14752,33.2
2026-10-09 12:00:41,187.30,63.0,59.0,14655,36.0
2026-10-09 12:00:42,189.86,54.0,59.0,14731,28.4
2026-10-09 12:00:43,219.48,99.0,61.0,14780,32.2
2026-10-09 12:00:44,216.47,53.0,57.0,14725,39.6
2026-10-09 12:00:45,176.78,57.0,59.0,14742,34.3
2026-10-09 12:00:46,195.60,75.0,60.0,14760,40.2
2026-10-09 12:00:47,195.65,60.0,59.0,14768,34.8
2026-10-09 12:00:48,188.41,68.0,58.0,14754,37.7
2026-10-09 12:00:49,186.91,66.0,58.0,14741,32.8
2026-10-09 12:00:51,176.05,65.0,58.0,14759,38.1
2026-10-09 12:00:52,185.53,67.0,58.0,14766,32.0
2026-10-09 12:00:53,203.81,89.0,60.0,14753,36.7
2026-10-09 12:00:54,228.17,76.0,61.0,14726,40.2
2026-10-09 12:00:55,236.81,71.0,61.0,14713,30.6
2026-10-09 12:00:56,235.04,85.0,61.0,14737,34.5
2026-10-09 12:00:57,249.33,90.0,62.0,14746,34.5
2026-10-09 12:00:58,247.97,95.0,60.0,14746,38.2
2026-10-09 12:00:59,219.51,90.0,60.0,14756,44.9
2026-10-09 12:01:00,220.97,99.0,60.0,14697,33.5
2026-10-09 12:01:01,228.79,99.0,60.0,14762,54.5
2026-10-09 12:01:02,228.93,99.0,61.0,14730,51.9
2026-10-09 12:01:03,217.24,87.0,59.0,14750,38.3
2026-10-09 12:01:04,217.87,76.0,60.0,14751,51.0
2026-10-09 12:01:05,210.14,72.0,59.0,14747,42.9
2026-10-09 12:01:06,211.37,67.0,59.0,14746,37.9
2026-10-09 12:01:07,197.97,70.0,59.0,14732,40.4
2026-10-09 12:01:08,206.57,81.0,61.0,14766,32.8
2026-10-09 12:01:09,216.46,86.0,60.0,14761,37.5
2026-10-09 12:01:10,215.41,89.0,60.0,14743,33.8
2026-10-09 12:01:11,214.12,70.0,59.0,14746,46.1
2026-10-09 12:01:12,196.46,57.0,59.0,14702,37.3
2026-10-09 12:01:13,182.61,60.0,58.0,14749,37.3
2026-10-09 12:01:14,177.17,55.0,58.0,14707,31.4
2026-10-09 12:01:16,177.11,54.0,58.0,14705,33.8
2026-10-09 12:01:17,189.39,95.0,60.0,14747,37.5
2026-10-09 12:01:18,234.11,95.0,61.0,14742,40.3
2026-10-09 12:01:19,241.37,99.0,62.0,14749,33.0
2026-10-09 12:01:20,245.25,99.0,62.0,14749,39.2
2026-10-09 12:01:21,238.88,97.0,61.0,14753,33.7
2026-10-09 12:01:22,226.02,82.0,60.0,14745,32.5
2026-10-09 12:01:23,220.05,81.0,60.0,14748,33.8
2026-10-09 12:01:24,212.27,81.0,60.0,14758,31.7
2026-10-09 12:01:25,212.81,82.0,59.0,14749,37.3
2026-10-09 12:01:26,218.38,98.0,61.0,14749,29.9
2026-10-09 12:01:27,241.78,99.0,61.0,14752,42.7
2026-10-09 12:01:28,233.90,91.0,61.0,14752,31.8
2026-10-09 12:01:29,223.30,80.0,61.0,14739,39.2
2026-10-09 12:01:30,227.31,81.0,60.0,14759,42.4
2026-10-09 12:01:31,226.96,99.0,61.0,14742,40.3
2026-10-09 12:01:32,227.03,86.0,60.0,14746,40.7
2026-10-09 12:01:33,248.18,77.0,61.0,14701,34.7
2026-10-09 12:01:34,223.83,72.0,60.0,14677,34.2
2026-10-09 12:01:35,221.83,73.0,60.0,14676,29.5
2026-10-09 12:01:36,213.84,74.0,60.0,14733,32.5
2026-10-09 12:01:37,227.59,88.0,59.0,14762,43.0
2026-10-09 12:01:38,220.49,81.0,59.0,14755,38.4
2026-10-09 12:01:40,222.31,79.0,60.0,14756,36.3
2026-10-09 12:01:41,224.34,78.0,60.0,14751,40.7
2026-10-09 12:01:42,224.73,90.0,60.0,14764,48.5
2026-10-09 12:01:43,223.12,91.0,60.0,14803,40.5
2026-10-09 12:01:44,238.41,99.0,61.0,14756,41.8
2026-10-09 12:01:45,227.03,99.0,61.0,14775,38.1
2026-10-09 12:01:46,218.01,81.0,60.0,14718,45.2
2026-10-09 12:01:47,225.09,88.0,60.0,14755,40.1
2026-10-09 12:01:48,230.96,80.0,60.0,14722,40.7
2026-10-09 12:01:49,225.23,91.0,60.0,14770,40.9
2026-10-09 12:01:50,225.83,75.0,60.0,14736,35.1
2026-10-09 12:01:51,229.34,97.0,61.0,14760,38.4
2026-10-09 12:01:52,229.28,80.0,60.0,14728,40.3
2026-10-09 12:01:53,220.42,92.0,61.0,14698,43.7
2026-10-09 12:01:54,227.04,78.0,60.0,14738,40.7
2026-10-09 12:01:55,213.98,82.0,59.0,14754,32.4
2026-10-09 12:01:56,200.39,63.0,58.0,14739,35.8
2026-10-09 12:01:57,200.59,79.0,59.0,14738,39.7
2026-10-09 12:01:58,218.18,88.0,60.0,14743,39.2
2026-10-09 12:01:59,225.50,99.0,60.0,14780,43.5
2026-10-09 12:02:00,226.43,78.0,60.0,14793,58.5
2026-10-09 12:02:01,222.33,76.0,59.0,14751,41.4
2026-10-09 12:02:02,218.09,81.0,60.0,14736,33.5
2026-10-09 12:02:04,221.07,78.0,60.0,14751,29.9
2026-10-09 12:02:05,227.25,79.0,60.0,14794,29.5
2026-10-09 12:02:06,229.52,99.0,62.0,14770,29.1
2026-10-09 12:02:07,237.30,99.0,62.0,14748,47.4
2026-10-09 12:02:08,229.46,91.0,60.0,14731,42.0
2026-10-09 12:02:09,200.96,67.0,58.0,14749,37.1
2026-10-09 12:02:10,200.81,63.0,58.0,14742,39.4
2026-10-09 12:02:11,201.98,81.0,59.0,14755,30.8
2026-10-09 12:02:12,204.43,68.0,59.0,14718,41.0
2026-10-09 12:02:13,195.31,75.0,59.0,14753,36.0
2026-10-09 12:02:14,215.70,89.0,61.0,14754,36.6
2026-10-09 12:02:15,223.37,70.0,59.0,14751,38.8
2026-10-09 12:02:16,205.58,81.0,59.0,14758,34.7
2026-10-09 12:02:17,206.92,70.0,58.0,14750,35.3
2026-10-09 12:02:18,209.01,67.0,58.0,14741,32.4
2026-10-09 12:02:19,215.54,92.0,60.0,14756,36.8
2026-10-09 12:02:20,209.14,69.0,59.0,14758,36.0
2026-10-09 12:02:21,212.93,82.0,59.0,14752,36.7
2026-10-09 12:02:22,197.96,69.0,58.0,14749,36.0
2026-10-09 12:02:23,207.86,92.0,60.0,14767,41.6
2026-10-09 12:02:24,217.53,80.0,59.0,14746,43.7
2026-10-09 12:02:25,210.37,90.0,59.0,14767,43.9
2026-10-09 12:02:26,230.36,83.0,59.0,14754,41.8
2026-10-09 12:02:27,218.84,87.0,59.0,14766,42.7
2026-10-09 12:02:29,223.15,99.0,61.0,14768,37.8
2026-10-09 12:02:30,225.23,99.0,61.0,14752,41.1
2026-10-09 12:02:31,246.09,97.0,62.0,14745,34.3
2026-10-09 12:02:32,247.24,95.0,61.0,14759,35.8
2026-10-09 12:02:33,252.13,99.0,63.0,14754,42.5
2026-10-09 12:02:34,227.54,81.0,59.0,14753,32.1
2026-10-09 12:02:35,242.90,93.0,61.0,14736,33.2
2026-10-09 12:02:36,240.27,89.0,61.0,14756,46.8
2026-10-09 12:02:37,239.74,97.0,61.0,14748,34.1
2026-10-09 12:02:38,253.00,99.0,63.0,14761,35.3
2026-10-09 12:02:39,246.93,96.0,62.0,14743,34.8
2026-10-09 12:02:40,223.57,80.0,59.0,14773,42.0
2026-10-09 12:02:41,220.57,87.0,60.0,14758,42.4
2026-10-09 12:02:42,242.46,85.0,61.0,14765,38.6
2026-10-09 12:02:43,250.78,99.0,63.0,14767,29.1
2026-10-09 12:02:44,245.91,99.0,62.0,14749,38.6
2026-10-09 12:02:45,250.84,99.0,62.0,14761,49.0
2026-10-09 12:02:46,237.14,71.0,59.0,14698,46.5
2026-10-09 12:02:47,226.25,76.0,60.0,14636,33.2
2026-10-09 12:02:48,227.84,79.0,60.0,14609,29.5
2026-10-09 12:02:49,232.22,94.0,61.0,14747,30.1
2026-10-09 12:02:50,250.28,79.0,60.0,14754,36.8
2026-10-09 12:02:51,242.58,92.0,62.0,14755,36.6
2026-10-09 12:02:53,259.97,87.0,61.0,14757,40.9
2026-10-09 12:02:54,236.95,99.0,62.0,14763,36.4
2026-10-09 12:02:55,234.86,99.0,61.0,14747,29.5
2026-10-09 12:02:56,235.77,99.0,62.0,14734,34.9
2026-10-09 12:02:57,255.04,99.0,63.0,14742,36.7
2026-10-09 12:02:58,248.16,99.0,63.0,14758,37.2
2026-10-09 12:02:59,256.28,99.0,63.0,14786,30.1
2026-10-09 12:03:00,260.21,99.0,62.0,14752,34.1
2026-10-09 12:03:01,255.82,99.0,63.0,14756,30.5
2026-10-09 12:03:02,241.54,100.0,63.0,14764,32.2
2026-10-09 12:03:03,244.31,99.0,62.0,14769,28.7
2026-10-09 12:03:04,242.26,99.0,62.0,14757,33.4
2026-10-09 12:03:05,240.38,99.0,63.0,14756,39.6
2026-10-09 12:03:06,263.27,99.0,63.0,14762,45.3
2026-10-09 12:03:07,257.32,99.0,63.0,14753,34.0
2026-10-09 12:03:08,263.89,100.0,64.0,14754,41.0
2026-10-09 12:03:09,272.28,99.0,65.0,14758,32.6
2026-10-09 12:03:10,275.20,99.0,65.0,14653,34.7
2026-10-09 12:03:11,264.43,99.0,63.0,14681,36.0
2026-10-09 12:03:12,266.12,100.0,65.0,14752,45.7
2026-10-09 12:03:13,270.38,99.0,63.0,14782,36.9
2026-10-09 12:03:14,254.61,99.0,62.0,14753,43.2
2026-10-09 12:03:15,245.84,99.0,62.0,14758,33.3
2026-10-09 12:03:16,239.92,99.0,63.0,14759,46.8
2026-10-09 12:03:18,243.74,99.0,62.0,14765,27.6
2026-10-09 12:03:19,253.79,99.0,63.0,14742,32.6
2026-10-09 12:03:20,251.37,99.0,63.0,14746,39.0
2026-10-09 12:03:21,245.51,99.0,63.0,14742,36.1
2026-10-09 12:03:22,250.40,99.0,61.0,14744,40.6
2026-10-09 12:03:23,235.24,99.0,63.0,14759,39.8
2026-10-09 12:03:24,246.44,99.0,63.0,14753,35.6
2026-10-09 12:03:25,245.41,99.0,63.0,14763,44.4
2026-10-09 12:03:26,259.23,99.0,64.0,14779,41.7
2026-10-09 12:03:27,256.88,99.0,64.0,14760,38.4
2026-10-09 12:03:28,268.84,99.0,64.0,14762,33.1
2026-10-09 12:03:29,253.70,99.0,63.0,14759,33.8
2026-10-09 12:03:30,245.20,99.0,63.0,14761,34.3
2026-10-09 12:03:31,261.40,99.0,63.0,14818,38.4
2026-10-09 12:03:32,251.23,99.0,64.0,14798,39.6
2026-10-09 12:03:33,258.94,99.0,64.0,14739,39.2
2026-10-09 12:03:34,265.42,99.0,63.0,14760,35.0
2026-10-09 12:03:35,254.00,99.0,62.0,14781,34.3
2026-10-09 12:03:36,239.40,99.0,62.0,14759,41.2
2026-10-09 12:03:37,233.15,79.0,61.0,14752,39.0
2026-10-09 12:03:38,234.20,85.0,62.0,14749,36.2
2026-10-09 12:03:39,231.06,82.0,62.0,14749,32.5
2026-10-09 12:03:40,232.01,76.0,61.0,14736,37.7
2026-10-09 12:03:41,230.10,70.0,60.0,14763,34.5
2026-10-09 12:03:43,236.03,98.0,62.0,14749,33.5
2026-10-09 12:03:44,243.28,81.0,62.0,14736,32.6
2026-10-09 12:03:45,243.01,92.0,63.0,14762,35.3
2026-10-09 12:03:46,240.30,79.0,62.0,14771,32.8
2026-10-09 12:03:47,235.92,78.0,61.0,14755,32.1
2026-10-09 12:03:48,230.59,96.0,61.0,14783,35.3
2026-10-09 12:03:49,247.21,84.0,62.0,14656,36.4
2026-10-09 12:03:50,238.55,92.0,62.0,14685,32.5
2026-10-09 12:03:51,241.13,75.0,61.0,14660,32.6
2026-10-09 12:03:52,234.94,99.0,62.0,14708,34.4
2026-10-09 12:03:53,259.34,91.0,63.0,14742,41.2
2026-10-09 12:03:54,245.57,75.0,62.0,14728,36.2
2026-10-09 12:03:55,240.88,78.0,62.0,14723,28.2
2026-10-09 12:03:56,239.83,74.0,61.0,14746,26.1
2026-10-09 12:03:57,229.92,71.0,62.0,14769,30.0
2026-10-09 12:03:58,220.26,73.0,61.0,14742,22.7
2026-10-09 12:03:59,240.62,81.0,62.0,14716,29.7
2026-10-09 12:04:00,236.43,71.0,61.0,14703,28.8
2026-10-09 12:04:01,230.35,72.0,61.0,14683,29.5
2026-10-09 12:04:02,198.60,43.0,57.0,14762,26.7
2026-10-09 12:04:03,189.74,70.0,60.0,14750,28.0
2026-10-09 12:04:04,219.20,66.0,59.0,14733,24.1
2026-10-09 12:04:05,241.63,87.0,64.0,14779,37.8
2026-10-09 12:04:06,272.40,85.0,65.0,14767,26.1
2026-10-09 12:04:07,254.29,84.0,62.0,14771,30.1
2026-10-09 12:04:09,259.13,87.0,64.0,14754,28.7
2026-10-09 12:04:10,244.75,73.0,62.0,14666,25.8
2026-10-09 12:04:11,224.95,70.0,60.0,14604,25.0
2026-10-09 12:04:12,222.62,67.0,60.0,14607,25.8
2026-10-09 12:04:13,217.46,67.0,60.0,14587,23.8
2026-10-09 12:04:14,220.43,75.0,58.0,14750,34.7
2026-10-09 12:04:15,184.47,61.0,58.0,14768,29.0
2026-10-09 12:04:16,214.76,88.0,63.0,14770,26.5
2026-10-09 12:04:17,267.13,90.0,63.0,14767,23.7
2026-10-09 12:04:18,264.21,99.0,63.0,14779,27.4
2026-10-09 12:04:19,261.75,86.0,63.0,14794,34.3
2026-10-09 12:04:20,244.56,86.0,64.0,14743,59.2
2026-10-09 12:04:21,244.36,76.0,61.0,14758,32.4
2026-10-09 12:04:22,237.08,76.0,60.0,14736,32.8
2026-10-09 12:04:23,205.60,72.0,59.0,14764,36.9
2026-10-09 12:04:24,200.05,70.0,59.0,14710,33.0
2026-10-09 12:04:25,199.62,76.0,59.0,14757,33.9
2026-10-09 12:04:26,223.90,78.0,61.0,14757,32.0
2026-10-09 12:04:27,223.12,91.0,62.0,14758,33.1
2026-10-09 12:04:28,247.50,83.0,62.0,14751,35.3
2026-10-09 12:04:29,226.07,90.0,60.0,14755,38.1
2026-10-09 12:04:30,235.77,71.0,59.0,14613,37.9
2026-10-09 12:04:31,201.65,69.0,59.0,14663,44.7
2026-10-09 12:04:33,208.81,95.0,60.0,14448,71.9
2026-10-09 12:04:34,206.79,72.0,59.0,14443,62.5
2026-10-09 12:04:35,207.94,72.0,61.0,14440,55.8
2026-10-09 12:04:36,223.34,79.0,60.0,14434,56.7
2026-10-09 12:04:37,203.29,76.0,60.0,14356,57.0
2026-10-09 12:04:38,210.66,90.0,60.0,14443,61.8
2026-10-09 12:04:39,217.12,95.0,60.0,14475,57.3
2026-10-09 12:04:40,230.12,92.0,60.0,14520,64.9
2026-10-09 12:04:41,226.22,91.0,60.0,14501,63.1
2026-10-09 12:04:42,222.62,81.0,60.0,14465,65.5
2026-10-09 12:04:43,217.08,90.0,60.0,14472,59.1
2026-10-09 12:04:44,195.99,66.0,59.0,14457,52.6
2026-10-09 12:04:45,191.57,60.0,58.0,14450,49.6
2026-10-09 12:04:46,155.35,27.0,53.0,14515,46.1
2026-10-09 12:04:47,253.81,82.0,63.0,14411,29.0
2026-10-09 12:04:48,286.84,99.0,63.0,14496,32.5
2026-10-09 12:04:49,240.96,71.0,60.0,14566,33.9
2026-10-09 12:04:50,199.30,62.0,58.0,14610,31.2
2026-10-09 12:04:51,207.69,72.0,59.0,14608,35.2
2026-10-09 12:04:52,206.79,83.0,61.0,14606,33.9
2026-10-09 12:04:54,216.77,84.0,59.0,14607,36.8
2026-10-09 12:04:55,222.33,87.0,60.0,14606,34.3
2026-10-09 12:04:56,245.29,96.0,62.0,14587,41.2
2026-10-09 12:04:57,262.36,82.0,61.0,14552,39.4
2026-10-09 12:04:58,214.73,70.0,58.0,14538,49.8
2026-10-09 12:04:59,213.84,98.0,59.0,14285,50.6
2026-10-09 12:05:00,213.48,74.0,59.0,14303,53.5
2026-10-09 12:05:01,205.91,74.0,59.0,14278,58.6
2026-10-09 12:05:02,212.46,81.0,60.0,14293,63.8
2026-10-09 12:05:03,211.01,86.0,59.0,14286,58.3
2026-10-09 12:05:04,208.53,78.0,59.0,14286,64.7
2026-10-09 12:05:05,209.57,87.0,59.0,14286,57.5
2026-10-09 12:05:06,216.27,80.0,60.0,14294,61.0
2026-10-09 12:05:07,218.88,78.0,60.0,14292,67.7
2026-10-09 12:05:08,226.56,94.0,61.0,14225,76.5
2026-10-09 12:05:09,252.01,90.0,62.0,14240,80.0
2026-10-09 12:05:10,246.34,99.0,60.0,14276,65.5
2026-10-09 12:05:11,230.17,95.0,61.0,14303,70.2
2026-10-09 12:05:12,238.62,99.0,60.0,14318,66.0
2026-10-09 12:05:14,234.64,77.0,61.0,14225,56.7
2026-10-09 12:05:15,207.74,73.0,60.0,14250,50.0
2026-10-09 12:05:16,203.76,79.0,60.0,14231,52.2
2026-10-09 12:05:17,201.15,77.0,59.0,14217,55.4
2026-10-09 12:05:18,210.15,90.0,60.0,14543,74.4
2026-10-09 12:05:19,227.54,95.0,60.0,14559,74.3
2026-10-09 12:05:20,226.22,89.0,60.0,14460,78.1
2026-10-09 12:05:21,246.86,86.0,61.0,14536,56.3
2026-10-09 12:05:22,256.31,99.0,61.0,14450,53.2
2026-10-09 12:05:23,254.15,99.0,62.0,14384,51.9
2026-10-09 12:05:24,252.43,99.0,61.0,14461,49.1
2026-10-09 12:05:25,243.81,99.0,61.0,14759,55.2
2026-10-09 12:05:26,229.67,97.0,60.0,14676,67.1
2026-10-09 12:05:27,209.85,84.0,60.0,14676,75.2
2026-10-09 12:05:28,248.88,99.0,63.0,14675,59.1
2026-10-09 12:05:29,261.73,99.0,62.0,14661,61.9
2026-10-09 12:05:30,249.99,99.0,61.0,14700,62.9
2026-10-09 12:05:32,256.44,98.0,61.0,14704,75.4
2026-10-09 12:05:33,254.42,90.0,62.0,14756,70.8
2026-10-09 12:05:34,252.90,93.0,62.0,14729,69.3
2026-10-09 12:05:35,254.37,91.0,62.0,14715,87.7
2026-10-09 12:05:36,266.11,99.0,62.0,14744,63.1
2026-10-09 12:05:37,263.74,99.0,63.0,14740,56.0
2026-10-09 12:05:38,265.15,99.0,63.0,14688,62.9
2026-10-09 12:05:39,254.98,99.0,62.0,14813,61.2
2026-10-09 12:05:40,244.88,99.0,62.0,14724,72.8
2026-10-09 12:05:41,253.92,99.0,61.0,14722,59.9
2026-10-09 12:05:42,246.12,99.0,62.0,14744,62.3
2026-10-09 12:05:43,245.96,99.0,61.0,14718,57.1
2026-10-09 12:05:44,253.01,99.0,61.0,14725,61.0
2026-10-09 12:05:45,247.79,95.0,62.0,14722,56.2
2026-10-09 12:05:46,235.11,99.0,61.0,14749,64.3
2026-10-09 12:05:47,238.68,99.0,61.0,14739,67.9
2026-10-09 12:05:48,231.82,99.0,60.0,14764,59.5
2026-10-09 12:05:49,239.40,99.0,60.0,14721,51.1
2026-10-09 12:05:51,249.99,99.0,61.0,14837,58.1
2026-10-09 12:05:52,244.90,99.0,62.0,14741,58.8
2026-10-09 12:05:53,256.89,99.0,62.0,14708,57.4
2026-10-09 12:05:54,260.72,99.0,63.0,14711,62.9
2026-10-09 12:05:55,256.70,99.0,61.0,14742,58.5
2026-10-09 12:05:56,252.46,99.0,60.0,14730,60.6
2026-10-09 12:05:57,252.22,99.0,62.0,14716,60.1
2026-10-09 12:05:58,262.56,99.0,63.0,14729,62.7
2026-10-09 12:05:59,268.13,99.0,63.0,14702,60.6
2026-10-09 12:06:00,246.81,99.0,61.0,14778,73.2
2026-10-09 12:06:01,242.19,99.0,62.0,14694,71.5
2026-10-09 12:06:02,247.50,99.0,62.0,14708,69.6
2026-10-09 12:06:03,255.45,97.0,63.0,14700,63.6
2026-10-09 12:06:04,264.03,94.0,62.0,14687,71.3
2026-10-09 12:06:05,262.67,99.0,63.0,14706,59.4
2026-10-09 12:06:06,263.98,99.0,62.0,14752,78.2
2026-10-09 12:06:07,252.53,99.0,61.0,14708,58.6
2026-10-09 12:06:09,259.59,99.0,61.0,14726,72.8
2026-10-09 12:06:10,249.55,99.0,62.0,14710,65.6
2026-10-09 12:06:11,252.84,99.0,63.0,14728,63.2
2026-10-09 12:06:12,248.52,99.0,62.0,14724,64.9
2026-10-09 12:06:13,244.60,99.0,61.0,14721,67.8
2026-10-09 12:06:14,245.41,99.0,61.0,14714,64.9
2026-10-09 12:06:15,252.14,99.0,61.0,14719,67.7
2026-10-09 12:06:16,243.51,99.0,62.0,14781,66.4
2026-10-09 12:06:17,233.83,97.0,62.0,14707,64.7
2026-10-09 12:06:18,245.87,96.0,61.0,14706,67.6
2026-10-09 12:06:19,247.37,99.0,63.0,14703,59.8
2026-10-09 12:06:20,249.45,96.0,62.0,14740,73.7
2026-10-09 12:06:21,251.57,99.0,62.0,14742,72.6
2026-10-09 12:06:22,258.79,99.0,63.0,14670,66.0
2026-10-09 12:06:23,256.88,99.0,63.0,14719,62.4
2026-10-09 12:06:24,245.35,99.0,62.0,14735,72.8
2026-10-09 12:06:26,231.38,99.0,61.0,14722,60.7
2026-10-09 12:06:27,242.32,99.0,62.0,14706,58.5
2026-10-09 12:06:28,251.15,99.0,62.0,14766,59.9
2026-10-09 12:06:29,237.96,99.0,61.0,14709,75.7
2026-10-09 12:06:30,236.86,99.0,60.0,14709,69.6
2026-10-09 12:06:31,232.02,99.0,60.0,14742,86.9
2026-10-09 12:06:32,228.38,92.0,61.0,14593,60.8
2026-10-09 12:06:33,229.79,99.0,61.0,14577,80.7
2026-10-09 12:06:34,237.30,98.0,62.0,14530,65.3
2026-10-09 12:06:35,246.74,99.0,61.0,14562,62.7
2026-10-09 12:06:36,235.37,99.0,62.0,14529,60.5
2026-10-09 12:06:37,246.57,99.0,61.0,14437,64.6
2026-10-09 12:06:38,235.36,99.0,62.0,14459,62.5
2026-10-09 12:06:39,245.50,96.0,61.0,14411,52.1
2026-10-09 12:06:40,246.86,98.0,62.0,14401,68.3
2026-10-09 12:06:41,245.16,99.0,61.0,14450,61.6
2026-10-09 12:06:42,231.87,99.0,62.0,14493,60.3
2026-10-09 12:06:44,241.76,99.0,61.0,14490,64.9
2026-10-09 12:06:45,231.09,99.0,61.0,14451,69.8
2026-10-09 12:06:46,238.91,99.0,62.0,14478,62.6
2026-10-09 12:06:47,233.26,99.0,61.0,14430,59.8
2026-10-09 12:06:48,240.07,99.0,61.0,14419,69.8
2026-10-09 12:06:49,233.76,99.0,62.0,14406,62.8
2026-10-09 12:06:50,244.14,99.0,61.0,14379,61.3
2026-10-09 12:06:51,241.98,99.0,62.0,14385,62.1
2026-10-09 12:06:52,245.65,99.0,61.0,14415,64.7
2026-10-09 12:06:53,224.41,90.0,60.0,14414,67.9
2026-10-09 12:06:54,222.47,99.0,60.0,14501,62.5
2026-10-09 12:06:55,226.63,99.0,60.0,14473,71.3
2026-10-09 12:06:56,239.05,99.0,61.0,14420,65.5
2026-10-09 12:06:57,243.94,97.0,61.0,14395,60.0
2026-10-09 12:06:58,233.59,99.0,61.0,14426,65.5
2026-10-09 12:06:59,246.00,99.0,62.0,14423,52.6
2026-10-09 12:07:00,240.83,99.0,62.0,14417,57.0
2026-10-09 12:07:02,232.77,99.0,61.0,14533,59.7
2026-10-09 12:07:03,232.13,99.0,61.0,14407,65.1
2026-10-09 12:07:04,243.54,98.0,61.0,14457,53.1
2026-10-09 12:07:05,241.17,94.0,61.0,14411,61.4
2026-10-09 12:07:06,239.66,99.0,60.0,14447,53.5
2026-10-09 12:07:07,231.73,99.0,61.0,14414,62.7
2026-10-09 12:07:08,237.13,99.0,62.0,14401,61.7
2026-10-09 12:07:09,237.73,99.0,60.0,14435,62.9
2026-10-09 12:07:10,238.48,95.0,61.0,14525,59.7
2026-10-09 12:07:11,229.92,99.0,62.0,14390,66.5
2026-10-09 12:07:12,239.35,99.0,60.0,14423,61.6
2026-10-09 12:07:13,235.87,99.0,62.0,14401,60.4
2026-10-09 12:07:14,249.45,99.0,61.0,14426,59.7
2026-10-09 12:07:15,233.73,99.0,60.0,14494,55.1
2026-10-09 12:07:16,241.06,95.0,61.0,14442,57.5
2026-10-09 12:07:17,238.20,99.0,61.0,14429,60.1
2026-10-09 12:07:18,244.10,99.0,61.0,14437,62.8
2026-10-09 12:07:19,246.12,99.0,62.0,14449,55.8
2026-10-09 12:07:21,238.04,99.0,61.0,14413,57.9
2026-10-09 12:07:22,255.17,94.0,62.0,14402,48.5
2026-10-09 12:07:23,251.72,98.0,61.0,14427,59.0
2026-10-09 12:07:24,245.90,99.0,61.0,14384,69.4
2026-10-09 12:07:25,238.01,99.0,61.0,14400,58.2
2026-10-09 12:07:26,240.43,99.0,62.0,14482,61.4
2026-10-09 12:07:27,245.28,90.0,61.0,14420,68.4
2026-10-09 12:07:28,230.73,81.0,61.0,14409,78.5
2026-10-09 12:07:29,234.17,88.0,61.0,14503,57.3
2026-10-09 12:07:30,229.98,87.0,60.0,14419,60.8
2026-10-09 12:07:31,228.81,86.0,60.0,14419,48.7
2026-10-09 12:07:32,220.09,78.0,59.0,14406,62.3
2026-10-09 12:07:33,215.70,84.0,59.0,14416,63.2
2026-10-09 12:07:34,214.61,78.0,60.0,14414,62.1
2026-10-09 12:07:35,214.41,74.0,59.0,14384,69.3
2026-10-09 12:07:36,216.11,75.0,59.0,14365,68.1
2026-10-09 12:07:37,219.16,78.0,60.0,14407,63.8
2026-10-09 12:07:38,215.71,68.0,59.0,14361,54.9
2026-10-09 12:07:39,218.74,99.0,61.0,14418,83.3
2026-10-09 12:07:41,269.25,99.0,63.0,14441,98.2
2026-10-09 12:07:42,271.23,94.0,62.0,14426,94.8
2026-10-09 12:07:43,230.32,78.0,60.0,14405,93.6
2026-10-09 12:07:44,233.68,82.0,61.0,14407,78.7
2026-10-09 12:07:45,248.93,90.0,61.0,14447,68.7
2026-10-09 12:07:46,244.97,83.0,60.0,14447,61.2
2026-10-09 12:07:47,225.67,79.0,60.0,14431,50.7
2026-10-09 12:07:48,221.76,75.0,60.0,14653,47.1
2026-10-09 12:07:49,212.39,72.0,59.0,14438,54.0
2026-10-09 12:07:50,199.23,66.0,58.0,14444,57.8
2026-10-09 12:07:51,189.19,57.0,57.0,14461,54.7
2026-10-09 12:07:52,203.99,84.0,59.0,14439,57.3
2026-10-09 12:07:53,210.09,84.0,59.0,14437,64.0
2026-10-09 12:07:54,219.39,72.0,59.0,14350,72.4
2026-10-09 12:07:55,243.56,99.0,63.0,14475,72.4
2026-10-09 12:07:56,270.82,99.0,63.0,14424,58.8
2026-10-09 12:07:57,273.15,99.0,63.0,14660,56.3
2026-10-09 12:07:59,264.75,90.0,62.0,14386,55.1
2026-10-09 12:08:00,263.40,99.0,61.0,14426,59.5
2026-10-09 12:08:01,274.97,100.0,64.0,14432,50.7
2026-10-09 12:08:02,268.15,97.0,63.0,14428,55.8
2026-10-09 12:08:03,262.51,90.0,62.0,14419,56.0
2026-10-09 12:08:04,253.15,90.0,61.0,14408,59.9
2026-10-09 12:08:05,253.44,97.0,62.0,14405,52.6
2026-10-09 12:08:06,252.16,89.0,62.0,14431,52.0
2026-10-09 12:08:07,255.82,91.0,62.0,14418,55.2
2026-10-09 12:08:08,256.58,89.0,62.0,14423,56.7
2026-10-09 12:08:09,253.07,91.0,62.0,14435,60.4
2026-10-09 12:08:10,259.15,91.0,62.0,14435,54.6
2026-10-09 12:08:11,262.85,90.0,62.0,14373,48.3
2026-10-09 12:08:12,261.95,88.0,62.0,14259,54.5
2026-10-09 12:08:13,256.79,99.0,63.0,14443,56.5
2026-10-09 12:08:14,257.69,89.0,61.0,14473,64.9
2026-10-09 12:08:15,252.42,99.0,63.0,14411,61.5
2026-10-09 12:08:16,252.53,97.0,62.0,14370,73.7
2026-10-09 12:08:18,253.53,95.0,62.0,14405,60.4
2026-10-09 12:08:19,251.65,92.0,62.0,14414,51.3
2026-10-09 12:08:20,250.15,94.0,61.0,14451,56.2
2026-10-09 12:08:21,239.37,99.0,62.0,14430,62.5
2026-10-09 12:08:22,246.48,99.0,62.0,14430,56.9
2026-10-09 12:08:23,246.54,99.0,62.0,14440,61.2
2026-10-09 12:08:24,248.60,99.0,62.0,14429,63.8
2026-10-09 12:08:25,248.66,99.0,62.0,14486,58.3
2026-10-09 12:08:26,230.77,99.0,62.0,14454,54.9
2026-10-09 12:08:27,200.80,96.0,62.0,14448,46.1
2026-10-09 12:08:28,250.64,98.0,61.0,14523,55.3
2026-10-09 12:08:29,233.88,99.0,61.0,14467,53.5
2026-10-09 12:08:30,236.54,99.0,61.0,14493,61.2
2026-10-09 12:08:31,241.11,99.0,62.0,14499,54.5
2026-10-09 12:08:32,237.13,99.0,62.0,14449,57.5
2026-10-09 12:08:33,240.20,99.0,61.0,14561,58.6
2026-10-09 12:08:34,231.52,99.0,61.0,14434,64.2
2026-10-09 12:08:35,244.67,99.0,62.0,14439,61.6
2026-10-09 12:08:36,245.01,99.0,61.0,14462,67.3
2026-10-09 12:08:38,243.59,99.0,63.0,14425,61.7
2026-10-09 12:08:39,263.73,99.0,61.0,14456,57.6
2026-10-09 12:08:40,247.40,99.0,62.0,14441,65.1
2026-10-09 12:08:41,250.75,99.0,62.0,14449,69.2
2026-10-09 12:08:42,242.58,99.0,62.0,14437,56.8
2026-10-09 12:08:43,257.19,99.0,62.0,14446,57.9
2026-10-09 12:08:44,237.73,99.0,61.0,14451,59.0
2026-10-09 12:08:45,240.08,99.0,63.0,14450,59.2
2026-10-09 12:08:46,242.41,99.0,62.0,14449,64.1
2026-10-09 12:08:47,245.44,99.0,62.0,14457,64.2
2026-10-09 12:08:48,249.93,99.0,62.0,14430,59.9
2026-10-09 12:08:49,249.95,99.0,62.0,14489,57.3
2026-10-09 12:08:50,244.02,99.0,62.0,14501,60.4
2026-10-09 12:08:51,244.10,99.0,62.0,14527,54.2
2026-10-09 12:08:52,239.53,99.0,61.0,14586,63.4
2026-10-09 12:08:53,235.02,99.0,61.0,14537,61.0
2026-10-09 12:08:54,241.35,99.0,62.0,14449,55.9
2026-10-09 12:08:55,250.56,98.0,62.0,14534,58.8
2026-10-09 12:08:57,243.19,99.0,63.0,14490,48.9
2026-10-09 12:08:58,241.63,99.0,62.0,14551,53.4
2026-10-09 12:08:59,241.87,99.0,62.0,14480,54.6
2026-10-09 12:09:00,260.20,99.0,62.0,14507,52.0
2026-10-09 12:09:01,242.76,99.0,62.0,14458,56.8
2026-10-09 12:09:02,240.38,99.0,63.0,14450,57.5
2026-10-09 12:09:03,247.04,99.0,62.0,14466,64.3
2026-10-09 12:09:04,238.98,99.0,61.0,14471,61.9
2026-10-09 12:09:05,241.35,99.0,61.0,14491,58.1
2026-10-09 12:09:06,236.32,99.0,61.0,14456,61.6
2026-10-09 12:09:07,250.15,99.0,62.0,14458,48.1
2026-10-09 12:09:08,253.53,99.0,62.0,14477,60.8
2026-10-09 12:09:09,247.99,99.0,62.0,14444,57.3
2026-10-09 12:09:10,246.39,99.0,63.0,14449,53.9
2026-10-09 12:09:11,253.99,99.0,63.0,14569,52.3
2026-10-09 12:09:12,237.90,99.0,61.0,14470,62.3
2026-10-09 12:09:13,243.76,98.0,62.0,14434,55.0
2026-10-09 12:09:14,239.40,99.0,61.0,14457,65.9
2026-10-09 12:09:15,250.36,99.0,62.0,14489,63.6
2026-10-09 12:09:17,242.31,100.0,62.0,14517,60.4
2026-10-09 12:09:18,257.34,99.0,62.0,14442,51.0
2026-10-09 12:09:19,250.45,99.0,61.0,14448,60.1
2026-10-09 12:09:20,234.15,99.0,62.0,14458,61.2
2026-10-09 12:09:21,242.16,99.0,62.0,14422,54.5
2026-10-09 12:09:22,242.69,99.0,62.0,14440,62.5
2026-10-09 12:09:23,248.86,99.0,62.0,14482,59.7
2026-10-09 12:09:24,237.72,99.0,61.0,14446,67.2
2026-10-09 12:09:25,248.25,98.0,63.0,14598,62.8
2026-10-09 12:09:26,243.33,99.0,63.0,14502,57.4
2026-10-09 12:09:27,249.95,99.0,61.0,14473,53.9
2026-10-09 12:09:28,245.79,99.0,62.0,14485,55.7
2026-10-09 12:09:29,251.26,98.0,62.0,14544,59.7
2026-10-09 12:09:30,236.73,99.0,62.0,14459,59.4
2026-10-09 12:09:31,242.62,99.0,62.0,14463,54.9
2026-10-09 12:09:32,234.70,99.0,61.0,14469,55.8
2026-10-09 12:09:33,240.58,99.0,62.0,14441,52.6
2026-10-09 12:09:34,237.41,99.0,61.0,14463,56.4
2026-10-09 12:09:36,239.74,99.0,62.0,14450,58.0
2026-10-09 12:09:37,244.38,99.0,61.0,14565,59.7
2026-10-09 12:09:38,236.73,99.0,63.0,14453,50.0
2026-10-09 12:09:39,246.62,99.0,61.0,14474,51.7
2026-10-09 12:09:40,246.50,99.0,61.0,14479,52.6
2026-10-09 12:09:41,244.30,99.0,61.0,14552,56.1
2026-10-09 12:09:42,243.59,99.0,61.0,14459,56.3
2026-10-09 12:09:43,242.86,96.0,63.0,14483,59.1
2026-10-09 12:09:44,243.16,99.0,61.0,14457,62.3
2026-10-09 12:09:45,256.15,100.0,63.0,14631,53.0
2026-10-09 12:09:46,241.82,99.0,62.0,14479,56.9
2026-10-09 12:09:47,245.33,99.0,62.0,14480,48.8
2026-10-09 12:09:48,247.77,99.0,62.0,14457,58.6
2026-10-09 12:09:49,239.01,99.0,62.0,14496,56.9
2026-10-09 12:09:50,239.22,99.0,61.0,14443,51.9
2026-10-09 12:09:51,239.41,99.0,61.0,14457,57.4
2026-10-09 12:09:52,235.23,99.0,61.0,14513,72.8
2026-10-09 12:09:53,247.27,99.0,61.0,14451,59.5
2026-10-09 12:09:55,274.30,99.0,64.0,14407,57.2
2026-10-09 12:09:56,275.64,98.0,61.0,14439,62.5
2026-10-09 12:09:57,248.70,99.0,62.0,14414,56.7
2026-10-09 12:09:58,250.42,99.0,63.0,14438,50.6
2026-10-09 12:09:59,250.39,99.0,62.0,14389,62.1
2026-10-09 12:10:00,255.48,99.0,63.0,14450,48.1
2026-10-09 12:10:01,255.11,99.0,64.0,14453,58.0
2026-10-09 12:10:02,244.70,100.0,64.0,14437,55.0
2026-10-09 12:10:03,249.23,99.0,62.0,14492,53.3
2026-10-09 12:10:04,250.25,99.0,63.0,14558,53.5
2026-10-09 12:10:05,253.04,99.0,62.0,14466,50.4
2026-10-09 12:10:06,253.09,99.0,62.0,14434,53.2
2026-10-09 12:10:07,255.07,99.0,63.0,14421,55.4
2026-10-09 12:10:08,252.80,99.0,63.0,14415,60.8
2026-10-09 12:10:09,257.00,99.0,63.0,14438,55.0
2026-10-09 12:10:10,242.40,99.0,63.0,14468,53.5
2026-10-09 12:10:11,245.45,99.0,62.0,14423,57.4
2026-10-09 12:10:12,256.30,99.0,63.0,14480,64.5
2026-10-09 12:10:13,256.08,99.0,62.0,14446,98.2
2026-10-09 12:10:15,245.98,99.0,62.0,14469,84.1
2026-10-09 12:10:16,235.74,99.0,61.0,14436,52.0
2026-10-09 12:10:17,245.40,99.0,63.0,14440,61.1
2026-10-09 12:10:18,256.45,99.0,63.0,14446,56.7
2026-10-09 12:10:19,259.21,99.0,63.0,14497,57.5
2026-10-09 12:10:20,249.45,99.0,63.0,14502,60.5
2026-10-09 12:10:21,247.01,99.0,62.0,14481,60.3
2026-10-09 12:10:22,241.57,99.0,62.0,14475,60.1
2026-10-09 12:10:23,245.61,99.0,63.0,14459,58.6
2026-10-09 12:10:24,249.15,99.0,62.0,14512,55.0
2026-10-09 12:10:25,233.80,99.0,61.0,14453,60.3
2026-10-09 12:10:26,243.88,99.0,61.0,14455,54.1
2026-10-09 12:10:27,257.53,99.0,63.0,14484,56.1
2026-10-09 12:10:28,250.06,99.0,61.0,14460,57.1
2026-10-09 12:10:29,251.60,99.0,63.0,14506,52.2
2026-10-09 12:10:30,249.55,99.0,62.0,14466,60.3
2026-10-09 12:10:31,243.77,99.0,62.0,14493,54.0
2026-10-09 12:10:32,248.36,99.0,63.0,14589,50.0
2026-10-09 12:10:34,238.07,99.0,62.0,14497,53.2
2026-10-09 12:10:35,242.98,99.0,61.0,14476,51.7
2026-10-09 12:10:36,245.50,99.0,62.0,14509,49.6
2026-10-09 12:10:37,251.23,99.0,61.0,14545,54.6
2026-10-09 12:10:38,234.91,98.0,63.0,14432,62.5
2026-10-09 12:10:39,249.01,99.0,61.0,14415,58.2
2026-10-09 12:10:40,244.72,99.0,61.0,14482,64.7
2026-10-09 12:10:41,242.60,99.0,61.0,14530,59.3
2026-10-09 12:10:42,244.42,99.0,63.0,14450,57.5
2026-10-09 12:10:43,255.50,99.0,62.0,14457,58.5
2026-10-09 12:10:44,254.60,99.0,63.0,14438,55.4
2026-10-09 12:10:45,251.44,99.0,62.0,14466,57.8
2026-10-09 12:10:46,246.73,99.0,61.0,14442,55.0
2026-10-09 12:10:47,250.29,99.0,62.0,14435,64.4
2026-10-09 12:10:48,248.57,99.0,62.0,14622,60.1
2026-10-09 12:10:49,241.71,99.0,61.0,14421,56.7
2026-10-09 12:10:50,238.42,99.0,62.0,14465,62.4
2026-10-09 12:10:51,240.11,99.0,62.0,14453,63.4
2026-10-09 12:10:52,252.45,99.0,63.0,14505,51.7
2026-10-09 12:10:54,253.95,99.0,62.0,14450,61.9
2026-10-09 12:10:55,248.77,99.0,63.0,14496,59.3
2026-10-09 12:10:56,246.85,99.0,62.0,14445,58.5
2026-10-09 12:10:57,252.82,99.0,63.0,14456,56.4
2026-10-09 12:10:58,256.16,99.0,63.0,14454,54.3
2026-10-09 12:10:59,251.14,99.0,61.0,14454,64.1
2026-10-09 12:11:00,232.78,99.0,63.0,14444,51.2
2026-10-09 12:11:01,243.04,99.0,62.0,14455,54.4
2026-10-09 12:11:02,238.86,99.0,62.0,14429,60.6
2026-10-09 12:11:03,239.09,99.0,62.0,14516,56.2
2026-10-09 12:11:04,241.15,99.0,62.0,14449,52.4
2026-10-09 12:11:05,249.53,99.0,63.0,14539,62.1
2026-10-09 12:11:06,246.20,98.0,62.0,14456,54.5
2026-10-09 12:11:07,252.60,99.0,63.0,14428,55.9
2026-10-09 12:11:08,253.43,99.0,61.0,14464,62.5
2026-10-09 12:11:09,244.46,99.0,62.0,14469,61.4
2026-10-09 12:11:10,250.05,99.0,63.0,14436,61.2
2026-10-09 12:11:11,240.08,99.0,62.0,14535,63.1
2026-10-09 12:11:12,235.85,99.0,63.0,14460,60.1
2026-10-09 12:11:14,243.30,99.0,61.0,14489,58.6
2026-10-09 12:11:15,233.71,99.0,62.0,14465,58.6
2026-10-09 12:11:16,252.65,99.0,63.0,14457,55.7
2026-10-09 12:11:17,251.63,99.0,63.0,14461,48.3
2026-10-09 12:11:18,239.40,99.0,62.0,14443,58.6
2026-10-09 12:11:19,255.39,99.0,63.0,14482,57.0
2026-10-09 12:11:20,250.44,99.0,62.0,14457,64.3
2026-10-09 12:11:21,241.92,99.0,60.0,14464,58.6
2026-10-09 12:11:22,255.43,99.0,63.0,14450,54.0
2026-10-09 12:11:23,246.18,99.0,62.0,14502,54.8
2026-10-09 12:11:24,236.74,99.0,63.0,14448,57.1
2026-10-09 12:11:25,250.68,99.0,62.0,14423,57.8
2026-10-09 12:11:26,246.32,99.0,62.0,14494,52.6
2026-10-09 12:11:27,242.06,99.0,62.0,14478,55.7
2026-10-09 12:11:28,244.38,99.0,61.0,14557,57.5
2026-10-09 12:11:29,240.15,99.0,61.0,14463,56.8
2026-10-09 12:11:30,245.70,99.0,61.0,14432,52.4
2026-10-09 12:11:31,247.88,99.0,62.0,14475,55.8
2026-10-09 12:11:33,245.36,99.0,62.0,14458,50.4
2026-10-09 12:11:34,258.06,99.0,63.0,14461,58.0
2026-10-09 12:11:35,251.66,99.0,62.0,14449,58.0
2026-10-09 12:11:36,254.85,99.0,63.0,14425,56.5
2026-10-09 12:11:37,245.40,99.0,62.0,14442,48.7
2026-10-09 12:11:38,255.05,99.0,64.0,14492,53.9
2026-10-09 12:11:39,250.35,99.0,63.0,14497,53.9
2026-10-09 12:11:40,239.28,91.0,63.0,14456,66.0
2026-10-09 12:11:41,250.78,84.0,62.0,14425,59.1
2026-10-09 12:11:42,247.66,82.0,63.0,14268,55.5
2026-10-09 12:11:43,246.98,84.0,62.0,14307,51.7
2026-10-09 12:11:44,249.66,99.0,62.0,14480,54.5
2026-10-09 12:11:45,264.74,97.0,64.0,14448,55.8
2026-10-09 12:11:46,268.12,99.0,63.0,14429,54.8
2026-10-09 12:11:47,270.85,89.0,63.0,14421,60.3
2026-10-09 12:11:48,246.56,83.0,62.0,14403,54.5
2026-10-09 12:11:49,239.95,99.0,62.0,14442,57.1
2026-10-09 12:11:50,267.08,99.0,64.0,14434,50.4
2026-10-09 12:11:51,268.83,99.0,63.0,14434,55.6
2026-10-09 12:11:53,266.37,90.0,63.0,14433,47.6
2026-10-09 12:11:54,244.40,87.0,62.0,14646,58.4
2026-10-09 12:11:55,258.36,99.0,63.0,14439,57.0
2026-10-09 12:11:56,255.81,99.0,62.0,14500,57.1
2026-10-09 12:11:57,246.88,91.0,62.0,14436,50.7
2026-10-09 12:11:58,221.84,85.0,61.0,14438,54.4
2026-10-09 12:11:59,229.15,82.0,61.0,14436,57.5
2026-10-09 12:12:00,224.58,77.0,60.0,14440,67.4
2026-10-09 12:12:01,204.80,87.0,61.0,14437,56.6
2026-10-09 12:12:02,233.22,99.0,64.0,14419,68.6
2026-10-09 12:12:03,233.90,78.0,60.0,14376,55.6
2026-10-09 12:12:04,217.22,76.0,60.0,14473,53.4
2026-10-09 12:12:05,185.17,60.0,59.0,14425,51.1
2026-10-09 12:12:06,173.99,59.0,58.0,14413,49.8
2026-10-09 12:12:07,174.86,59.0,58.0,14346,48.0
2026-10-09 12:12:08,176.15,59.0,58.0,14325,58.4
2026-10-09 12:12:09,185.23,81.0,59.0,14429,53.9
2026-10-09 12:12:10,197.91,70.0,59.0,14416,50.9
2026-10-09 12:12:11,211.33,74.0,60.0,14414,47.6
2026-10-09 12:12:12,222.12,78.0,60.0,14415,52.1
2026-10-09 12:12:14,228.11,78.0,60.0,14427,51.3
2026-10-09 12:12:15,247.25,99.0,62.0,14411,51.9
2026-10-09 12:12:16,252.51,93.0,61.0,14442,59.3
2026-10-09 12:12:17,254.10,82.0,61.0,14420,51.1
2026-10-09 12:12:18,250.62,99.0,63.0,14400,56.6
2026-10-09 12:12:19,251.21,85.0,61.0,14362,58.0
2026-10-09 12:12:20,222.08,68.0,59.0,14369,57.8
2026-10-09 12:12:21,212.10,68.0,59.0,14296,53.0
2026-10-09 12:12:22,216.46,69.0,59.0,14280,50.4
2026-10-09 12:12:23,221.07,91.0,61.0,14431,61.4
2026-10-09 12:12:24,234.97,84.0,60.0,14415,56.3
2026-10-09 12:12:25,233.74,83.0,60.0,14416,53.5
2026-10-09 12:12:26,234.50,85.0,60.0,14416,54.3
2026-10-09 12:12:27,238.99,86.0,61.0,14296,56.4
2026-10-09 12:12:28,239.32,88.0,60.0,14429,62.9
2026-10-09 12:12:29,241.60,99.0,62.0,14421,54.1
2026-10-09 12:12:30,244.35,85.0,61.0,14422,58.8
2026-10-09 12:12:31,199.35,71.0,58.0,14416,61.2
2026-10-09 12:12:32,181.92,49.0,57.0,14405,50.9
2026-10-09 12:12:34,171.19,97.0,59.0,14437,52.4
2026-10-09 12:12:35,222.64,79.0,59.0,14430,56.0
2026-10-09 12:12:36,219.64,80.0,59.0,14417,54.1
2026-10-09 12:12:37,218.43,74.0,59.0,14430,56.2
2026-10-09 12:12:38,210.32,75.0,59.0,14403,60.6
2026-10-09 12:12:39,216.56,83.0,59.0,14414,59.9
2026-10-09 12:12:40,213.68,78.0,59.0,14259,62.1
2026-10-09 12:12:41,239.81,81.0,61.0,14416,55.1
2026-10-09 12:12:42,241.82,83.0,60.0,14413,55.1
2026-10-09 12:12:43,245.16,82.0,61.0,14547,63.1
2026-10-09 12:12:44,232.70,86.0,60.0,14415,81.1
2026-10-09 12:12:45,223.38,78.0,59.0,14367,56.9
2026-10-09 12:12:46,218.79,88.0,59.0,14450,60.9
2026-10-09 12:12:47,230.77,93.0,59.0,14451,70.1
2026-10-09 12:12:48,237.68,99.0,60.0,14438,66.4
2026-10-09 12:12:49,247.59,96.0,60.0,14441,58.8
2026-10-09 12:12:50,223.85,90.0,60.0,14409,56.4
2026-10-09 12:12:51,224.97,83.0,59.0,14425,56.2
2026-10-09 12:12:52,214.19,77.0,59.0,14425,63.4
2026-10-09 12:12:53,211.89,76.0,59.0,14412,65.5
2026-10-09 12:12:55,215.06,80.0,59.0,14386,60.4
2026-10-09 12:12:56,215.18,76.0,59.0,14438,53.5
2026-10-09 12:12:57,212.05,69.0,59.0,14416,53.8
2026-10-09 12:12:58,215.35,81.0,60.0,14274,57.7
2026-10-09 12:12:59,233.20,80.0,60.0,14276,53.4
2026-10-09 12:13:00,230.84,78.0,60.0,14325,57.9
2026-10-09 12:13:01,232.58,84.0,60.0,14396,53.7
2026-10-09 12:13:02,229.04,80.0,60.0,14402,54.4
2026-10-09 12:13:03,229.01,77.0,60.0,14417,55.6
2026-10-09 12:13:04,212.91,81.0,60.0,14443,68.8
2026-10-09 12:13:05,161.75,89.0,58.0,14387,79.3
2026-10-09 12:13:06,209.33,79.0,58.0,14367,55.9
2026-10-09 12:13:07,211.30,89.0,58.0,14353,52.2
2026-10-09 12:13:08,216.38,83.0,58.0,14328,61.9
2026-10-09 12:13:09,206.12,99.0,60.0,14334,61.2
2026-10-09 12:13:10,269.58,98.0,61.0,14346,54.1
2026-10-09 12:13:11,273.12,99.0,62.0,14355,44.5
2026-10-09 12:13:12,269.64,93.0,61.0,14244,53.6
2026-10-09 12:13:14,251.97,91.0,60.0,14256,61.0
2026-10-09 12:13:15,228.46,88.0,59.0,14260,59.2
2026-10-09 12:13:16,225.81,85.0,59.0,14262,55.7
2026-10-09 12:13:17,229.69,94.0,60.0,14294,53.9
2026-10-09 12:13:18,236.55,93.0,60.0,14201,58.0
2026-10-09 12:13:19,241.21,87.0,59.0,14160,61.6
2026-10-09 12:13:20,244.00,90.0,60.0,14160,57.5
2026-10-09 12:13:21,241.62,90.0,60.0,14180,54.9
2026-10-09 12:13:22,241.22,90.0,60.0,14042,47.2
2026-10-09 12:13:23,235.97,87.0,59.0,14345,66.4
2026-10-09 12:13:24,228.85,83.0,60.0,14333,60.4
2026-10-09 12:13:25,214.15,80.0,58.0,14314,55.0
2026-10-09 12:13:26,205.46,70.0,58.0,14274,53.5
2026-10-09 12:13:27,202.24,70.0,57.0,14239,52.8
2026-10-09 12:13:28,202.33,72.0,58.0,14251,54.5
2026-10-09 12:13:29,202.58,73.0,58.0,14253,52.8
2026-10-09 12:13:30,204.55,71.0,57.0,14240,51.5
2026-10-09 12:13:31,209.49,99.0,60.0,14352,56.5
2026-10-09 12:13:32,211.74,70.0,58.0,14342,49.4
2026-10-09 12:13:34,207.91,70.0,58.0,14308,49.8
2026-10-09 12:13:35,207.68,69.0,58.0,14308,52.2
2026-10-09 12:13:36,208.38,71.0,58.0,14308,48.8
2026-10-09 12:13:37,210.19,74.0,58.0,14300,50.5
2026-10-09 12:13:38,213.31,73.0,58.0,14278,53.7
2026-10-09 12:13:39,212.70,73.0,58.0,14278,58.3
2026-10-09 12:13:40,204.41,70.0,57.0,13973,61.6
2026-10-09 12:13:41,205.25,70.0,57.0,13976,55.0
2026-10-09 12:13:42,203.32,99.0,58.0,14359,61.5
2026-10-09 12:13:43,221.69,89.0,59.0,14370,61.8
2026-10-09 12:13:44,221.98,80.0,58.0,14359,58.2
2026-10-09 12:13:45,219.75,81.0,58.0,14344,53.6
2026-10-09 12:13:46,219.59,80.0,58.0,14370,59.6
2026-10-09 12:13:47,234.36,90.0,60.0,14367,51.3
2026-10-09 12:13:48,231.35,88.0,59.0,14361,57.5
2026-10-09 12:13:49,219.08,78.0,58.0,14350,58.3
2026-10-09 12:13:50,215.51,88.0,60.0,14373,51.5
2026-10-09 12:13:51,214.78,79.0,58.0,14332,59.9
2026-10-09 12:13:53,211.65,78.0,58.0,14357,55.0
2026-10-09 12:13:54,215.49,92.0,60.0,14344,56.9
2026-10-09 12:13:55,212.81,77.0,58.0,14361,56.5
2026-10-09 12:13:56,208.18,74.0,58.0,14361,57.2
2026-10-09 12:13:57,208.66,72.0,58.0,14332,56.3
2026-10-09 12:13:58,204.74,79.0,59.0,14355,52.4
2026-10-09 12:13:59,239.96,92.0,60.0,14355,47.8
2026-10-09 12:14:00,221.25,71.0,58.0,14029,60.8
2026-10-09 12:14:01,190.38,67.0,57.0,14445,58.5
2026-10-09 12:14:02,215.39,98.0,61.0,14389,58.5
2026-10-09 12:14:03,221.12,82.0,58.0,14355,58.6
2026-10-09 12:14:04,221.02,98.0,61.0,14355,46.8
2026-10-09 12:14:05,246.52,87.0,60.0,14342,51.7
2026-10-09 12:14:06,250.05,90.0,61.0,14335,57.5
2026-10-09 12:14:07,234.84,83.0,58.0,14368,63.2
2026-10-09 12:14:08,208.96,80.0,58.0,14404,53.7
2026-10-09 12:14:09,203.86,99.0,59.0,14375,56.5
2026-10-09 12:14:10,199.68,83.0,59.0,14361,56.8
2026-10-09 12:14:11,198.56,74.0,57.0,14388,63.4
2026-10-09 12:14:13,196.04,99.0,59.0,14400,59.2
2026-10-09 12:14:14,183.29,66.0,57.0,14354,53.4
2026-10-09 12:14:15,179.99,60.0,56.0,14331,56.5
2026-10-09 12:14:16,176.69,61.0,56.0,14331,52.2
2026-10-09 12:14:17,176.29,61.0,56.0,14263,46.6
2026-10-09 12:14:18,182.87,68.0,56.0,14260,61.0
2026-10-09 12:14:19,186.79,67.0,57.0,14064,53.3
2026-10-09 12:14:20,187.96,68.0,57.0,14085,55.8
2026-10-09 12:14:21,183.84,68.0,56.0,14929,78.0
2026-10-09 12:14:22,213.21,91.0,58.0,14660,60.8
2026-10-09 12:14:23,219.53,99.0,60.0,14643,66.4
2026-10-09 12:14:24,222.08,98.0,59.0,14656,63.8
2026-10-09 12:14:25,223.03,90.0,59.0,14709,67.5
2026-10-09 12:14:26,224.25,98.0,60.0,14670,73.9
2026-10-09 12:14:27,226.12,89.0,59.0,14704,61.9
2026-10-09 12:14:28,205.59,83.0,59.0,14374,65.1
2026-10-09 12:14:29,198.01,72.0,58.0,14368,59.0
2026-10-09 12:14:30,197.58,68.0,57.0,14365,53.2
2026-10-09 12:14:32,195.25,83.0,60.0,14378,49.9
2026-10-09 12:14:33,196.11,71.0,57.0,14370,55.3
2026-10-09 12:14:34,194.04,72.0,57.0,14370,62.9
2026-10-09 12:14:35,192.42,64.0,56.0,14378,58.5
2026-10-09 12:14:36,182.32,71.0,56.0,14360,56.5
2026-10-09 12:14:37,180.07,65.0,56.0,14664,53.7
2026-10-09 12:14:38,201.15,93.0,60.0,14346,58.3
2026-10-09 12:14:39,205.96,79.0,57.0,14376,67.8
2026-10-09 12:14:40,187.89,56.0,56.0,14327,59.0
2026-10-09 12:14:41,173.51,58.0,56.0,14249,52.7
2026-10-09 12:14:42,177.02,58.0,56.0,14343,50.0
2026-10-09 12:14:43,172.72,57.0,55.0,14338,49.6
2026-10-09 12:14:44,170.41,56.0,55.0,14334,55.1
2026-10-09 12:14:45,170.59,57.0,55.0,14328,57.6
2026-10-09 12:14:46,171.61,57.0,55.0,14328,47.8
2026-10-09 12:14:47,172.91,57.0,55.0,14328,48.2
2026-10-09 12:14:48,190.22,76.0,58.0,14336,55.7
2026-10-09 12:14:49,208.91,78.0,58.0,14354,52.0
2026-10-09 12:14:50,208.98,98.0,58.0,14348,72.9
2026-10-09 12:14:52,224.39,99.0,59.0,14336,70.5
2026-10-09 12:14:53,170.32,60.0,54.0,14310,66.9
2026-10-09 12:14:54,150.90,61.0,55.0,14316,66.9
2026-10-09 12:14:55,152.96,64.0,55.0,14315,63.6
2026-10-09 12:14:56,158.22,68.0,55.0,14132,74.6
2026-10-09 12:14:57,156.20,55.0,54.0,14142,59.4
2026-10-09 12:14:58,163.59,59.0,55.0,14142,63.1
2026-10-09 12:14:59,174.52,62.0,56.0,14053,62.9
2026-10-09 12:15:00,200.75,80.0,59.0,14332,63.1
2026-10-09 12:15:01,205.63,91.0,60.0,14344,49.6
2026-10-09 12:15:02,228.06,93.0,60.0,14345,63.8
2026-10-09 12:15:03,233.15,96.0,59.0,14397,65.1
2026-10-09 12:15:04,215.20,99.0,59.0,14354,63.2
2026-10-09 12:15:05,225.55,99.0,58.0,14279,62.1
2026-10-09 12:15:06,216.60,99.0,59.0,14328,70.8
2026-10-09 12:15:08,210.06,81.0,57.0,14303,60.3
2026-10-09 12:15:09,179.49,71.0,57.0,14303,52.4
2026-10-09 12:15:10,182.47,63.0,56.0,14216,60.4
2026-10-09 12:15:11,180.94,64.0,56.0,14214,51.5
2026-10-09 12:15:12,181.83,63.0,56.0,14194,56.7
2026-10-09 12:15:13,179.10,53.0,55.0,14181,49.4
2026-10-09 12:15:14,154.26,50.0,54.0,14076,54.7
2026-10-09 12:15:15,172.87,58.0,56.0,14284,90.3
2026-10-09 12:15:16,183.53,85.0,57.0,14295,68.8
2026-10-09 12:15:17,187.09,64.0,56.0,13995,49.4
2026-10-09 12:15:18,189.34,66.0,58.0,14138,50.7
2026-10-09 12:15:19,193.80,66.0,57.0,14281,47.8
2026-10-09 12:15:20,194.42,55.0,56.0,14225,53.2
2026-10-09 12:15:21,187.92,56.0,56.0,14225,48.9
2026-10-09 12:15:22,189.10,56.0,56.0,14225,54.1
2026-10-09 12:15:23,192.77,64.0,57.0,14232,54.5
2026-10-09 12:15:24,193.42,61.0,58.0,14231,53.3
2026-10-09 12:15:25,194.35,65.0,56.0,14242,50.0
2026-10-09 12:15:26,186.99,63.0,56.0,14232,56.2
2026-10-09 12:15:27,191.90,68.0,58.0,14246,57.6
2026-10-09 12:15:29,203.24,77.0,58.0,14229,47.8
2026-10-09 12:15:30,195.64,61.0,57.0,14243,50.9
2026-10-09 12:15:31,193.07,59.0,57.0,14224,49.6
2026-10-09 12:15:32,192.81,61.0,57.0,14323,52.1
2026-10-09 12:15:33,202.77,86.0,59.0,14264,49.4
2026-10-09 12:15:34,210.94,86.0,59.0,14300,49.8
2026-10-09 12:15:35,221.57,95.0,60.0,14233,53.0
2026-10-09 12:15:36,226.53,87.0,60.0,14244,59.1
2026-10-09 12:15:37,233.17,94.0,60.0,14310,58.8
2026-10-09 12:15:38,239.45,95.0,60.0,14233,59.3
2026-10-09 12:15:39,222.34,82.0,58.0,14258,56.1
2026-10-09 12:15:40,209.07,71.0,59.0,14237,54.4
2026-10-09 12:15:41,208.68,75.0,59.0,14232,53.7
2026-10-09 12:15:42,203.93,66.0,58.0,14232,54.1
2026-10-09 12:15:43,204.18,67.0,59.0,14229,51.3
2026-10-09 12:15:44,203.95,67.0,59.0,14231,47.8
2026-10-09 12:15:45,184.61,55.0,57.0,14245,48.7
2026-10-09 12:15:46,181.67,53.0,56.0,14230,59.7
2026-10-09 12:15:47,177.86,53.0,56.0,14230,45.9
2026-10-09 12:15:48,178.40,54.0,56.0,14220,53.9
2026-10-09 12:15:50,178.62,53.0,56.0,13987,53.4
2026-10-09 12:15:51,177.51,52.0,56.0,14231,51.7
2026-10-09 12:15:52,178.57,58.0,56.0,14145,56.6
2026-10-09 12:15:53,175.05,57.0,56.0,14019,55.2
2026-10-09 12:15:54,179.55,78.0,57.0,14225,60.1
2026-10-09 12:15:55,199.39,70.0,59.0,14224,55.3
2026-10-09 12:15:56,207.41,82.0,59.0,14222,51.3
2026-10-09 12:15:57,212.64,75.0,60.0,14221,53.9
2026-10-09 12:15:58,211.60,71.0,59.0,14216,55.2
2026-10-09 12:15:59,211.68,71.0,60.0,14213,50.0
2026-10-09 12:16:00,210.92,70.0,60.0,14213,55.4
2026-10-09 12:16:01,210.60,69.0,60.0,14216,52.8
2026-10-09 12:16:02,211.35,70.0,60.0,14229,58.6
2026-10-09 12:16:03,214.49,70.0,60.0,14297,58.1
2026-10-09 12:16:04,208.97,66.0,59.0,14316,45.5
2026-10-09 12:16:05,206.81,66.0,59.0,14316,45.7
2026-10-09 12:16:06,207.35,65.0,59.0,14275,46.6
2026-10-09 12:16:07,206.62,65.0,59.0,14330,44.8
2026-10-09 12:16:08,206.94,66.0,60.0,14089,49.2
2026-10-09 12:16:10,208.21,69.0,60.0,14093,44.2
2026-10-09 12:16:11,206.94,67.0,60.0,13829,40.1
2026-10-09 12:16:12,207.23,67.0,60.0,13825,41.6
2026-10-09 12:16:13,207.29,66.0,60.0,13829,41.8
2026-10-09 12:16:14,207.65,67.0,60.0,13840,42.7
2026-10-09 12:16:15,208.14,68.0,60.0,13577,38.4
2026-10-09 12:16:16,60.83,2.0,50.0,1294,21.0
2026-10-09 12:16:18,36.76,0.0,49.0,1302,19.9
2026-10-09 12:16:19,34.42,0.0,48.0,1316,7.4
2026-10-09 12:16:20,34.02,1.0,48.0,1344,9.8
2026-10-09 12:16:21,33.93,0.0,48.0,1343,5.5
2026-10-09 12:16:22,33.05,0.0,48.0,1326,6.8
2026-10-09 12:16:23,29.03,1.0,47.0,1326,5.6
2026-10-09 12:16:24,19.61,1.0,47.0,1315,3.0
2026-10-09 12:16:25,19.19,1.0,47.0,1294,1.3
2026-10-09 12:16:26,19.17,0.0,47.0,1294,1.9
2026-10-09 12:16:27,18.83,0.0,47.0,1294,2.1
2026-10-09 12:16:28,18.93,0.0,46.0,1284,2.8
2026-10-09 12:16:29,20.00,1.0,46.0,1309,6.4
2026-10-09 12:16:30,20.44,2.0,46.0,1319,4.9
2026-10-09 12:16:31,24.17,1.0,46.0,1343,7.0
2026-10-09 12:16:32,25.04,2.0,46.0,1370,13.7
2026-10-09 12:16:33,21.78,7.0,46.0,1374,13.2
2026-10-09 12:16:34,24.07,12.0,46.0,1380,12.2
2026-10-09 12:16:35,20.49,2.0,46.0,1379,8.4
2026-10-09 12:16:36,18.87,0.0,46.0,1379,5.9
2026-10-09 12:16:37,18.52,0.0,45.0,1360,9.5
2026-10-09 12:16:38,18.52,0.0,45.0,1360,5.8
2026-10-09 12:16:39,18.32,0.0,45.0,1360,5.9
2026-10-09 12:16:40,18.50,0.0,45.0,1350,2.8
2026-10-09 12:16:41,18.52,0.0,45.0,1350,1.7
2026-10-09 12:16:42,18.41,0.0,45.0,1350,4.4
2026-10-09 12:16:43,18.27,0.0,45.0,1350,7.2
2026-10-09 12:16:44,19.18,0.0,45.0,1365,9.1
2026-10-09 12:16:45,18.67,0.0,45.0,1365,6.2
2026-10-09 12:16:47,19.41,0.0,45.0,1373,8.9
2026-10-09 12:16:48,25.37,7.0,45.0,1364,11.7
2026-10-09 12:16:49,23.12,1.0,45.0,1369,6.0
2026-10-09 12:16:50,23.35,1.0,45.0,1364,4.0
2026-10-09 12:16:51,23.26,1.0,45.0,1363,6.2
2026-10-09 12:16:52,22.99,2.0,45.0,1367,6.2
2026-10-09 12:16:53,19.42,1.0,44.0,1369,4.3
2026-10-09 12:16:54,18.61,1.0,44.0,1366,3.9
2026-10-09 12:16:55,18.67,1.0,44.0,1366,5.1
2026-10-09 12:16:56,19.69,1.0,44.0,1431,12.1
2026-10-09 12:16:57,22.20,1.0,44.0,1392,5.1
2026-10-09 12:16:58,22.03,0.0,44.0,1391,4.9
2026-10-09 12:16:59,21.78,0.0,44.0,1390,6.8
2026-10-09 12:17:00,21.50,1.0,44.0,1399,12.6
2026-10-09 12:17:01,18.31,1.0,44.0,1402,5.9
2026-10-09 12:17:02,19.28,1.0,44.0,1398,11.7
2026-10-09 12:17:03,18.50,1.0,44.0,1397,5.1
2026-10-09 12:17:04,18.37,1.0,44.0,1393,5.5
2026-10-09 12:17:05,18.80,1.0,44.0,1381,11.0
2026-10-09 12:17:06,18.45,1.0,44.0,1377,6.1
2026-10-09 12:17:07,18.31,1.0,44.0,1323,4.1
2026-10-09 12:17:08,18.19,0.0,44.0,1323,2.8
2026-10-09 12:17:09,18.33,1.0,44.0,1323,4.0
2026-10-09 12:17:10,18.50,1.0,44.0,1322,3.2
2026-10-09 12:17:11,18.73,0.0,44.0,1322,3.2
2026-10-09 12:17:12,18.36,0.0,44.0,1320,4.3
2026-10-09 12:17:13,18.20,0.0,43.0,1320,6.8
2026-10-09 12:17:14,18.86,9.0,44.0,1327,12.7
2026-10-09 12:17:15,18.92,1.0,43.0,1392,7.2
2026-10-09 12:17:17,18.77,0.0,43.0,1386,7.1
2026-10-09 12:17:18,18.67,0.0,43.0,1328,2.3
2026-10-09 12:17:19,18.75,1.0,43.0,1328,4.9
2026-10-09 12:17:20,18.74,1.0,43.0,1316,2.6
2026-10-09 12:17:21,18.69,0.0,43.0,1316,4.1
2026-10-09 12:17:22,18.73,1.0,43.0,1316,3.9
2026-10-09 12:17:23,18.69,1.0,43.0,1316,9.5
2026-10-09 12:17:24,18.64,0.0,43.0,1316,2.3
2026-10-09 12:17:25,18.77,0.0,43.0,1320,7.3
2026-10-09 12:17:26,18.42,0.0,43.0,1320,2.4
2026-10-09 12:17:27,18.53,1.0,43.0,1320,4.0
2026-10-09 12:17:28,18.33,1.0,43.0,1320,5.9
2026-10-09 12:17:29,18.51,2.0,43.0,1323,4.2
2026-10-09 12:17:30,18.62,1.0,43.0,1323,4.0
2026-10-09 12:17:31,19.33,1.0,43.0,1403,10.8
2026-10-09 12:17:32,19.72,1.0,43.0,1489,9.9
2026-10-09 12:17:33,19.76,1.0,43.0,1535,10.9
2026-10-09 12:17:34,21.31,1.0,43.0,1528,4.4
2026-10-09 12:17:35,22.40,1.0,43.0,1503,7.0
2026-10-09 12:17:36,19.79,1.0,43.0,1493,11.9
2026-10-09 12:17:37,20.79,1.0,43.0,1494,14.0
2026-10-09 12:17:38,22.24,1.0,43.0,1500,15.0
2026-10-09 12:17:39,22.83,1.0,43.0,1524,10.1
2026-10-09 12:17:40,22.73,2.0,43.0,1496,8.3
2026-10-09 12:17:41,22.45,2.0,43.0,1496,7.3
2026-10-09 12:17:42,22.38,2.0,43.0,1412,4.2
2026-10-09 12:17:44,22.41,2.0,43.0,1408,9.5
2026-10-09 12:17:45,22.75,2.0,43.0,1360,5.2
2026-10-09 12:17:46,20.67,2.0,43.0,1355,8.3
2026-10-09 12:17:47,19.02,1.0,43.0,1355,4.9
2026-10-09 12:17:48,19.04,0.0,43.0,1355,8.6
2026-10-09 12:17:49,19.30,0.0,43.0,1355,3.3
2026-10-09 12:17:50,18.15,0.0,43.0,1355,4.0
2026-10-09 12:17:51,18.28,0.0,43.0,1355,3.6
2026-10-09 12:17:52,18.58,0.0,43.0,1355,8.2
2026-10-09 12:17:53,18.48,0.0,43.0,1361,2.1
2026-10-09 12:17:54,18.85,0.0,43.0,1361,5.0
2026-10-09 12:17:55,20.72,0.0,43.0,1361,4.3
2026-10-09 12:17:56,20.81,0.0,43.0,1357,8.3
2026-10-09 12:17:57,20.04,0.0,43.0,1371,6.6
2026-10-09 12:17:58,18.52,0.0,43.0,1371,6.2
2026-10-09 12:17:59,18.25,0.0,43.0,1370,3.4
2026-10-09 12:18:00,18.28,0.0,43.0,1364,6.0
2026-10-09 12:18:01,19.21,0.0,42.0,1364,3.6
2026-10-09 12:18:02,18.45,0.0,42.0,1471,4.2
2026-10-09 12:18:03,19.33,1.0,42.0,1466,7.0
2026-10-09 12:18:04,20.26,0.0,42.0,1465,4.5
2026-10-09 12:18:05,20.45,0.0,42.0,1499,8.1
2026-10-09 12:18:06,21.21,0.0,42.0,1452,4.7
2026-10-09 12:18:07,20.81,0.0,42.0,1494,8.0
2026-10-09 12:18:08,20.91,1.0,42.0,1552,8.4
2026-10-09 12:18:09,19.63,1.0,42.0,1555,7.6
2026-10-09 12:18:10,19.70,1.0,42.0,1421,8.3
2026-10-09 12:18:11,18.84,1.0,42.0,1401,8.9
2026-10-09 12:18:12,21.58,1.0,42.0,1545,5.1
2026-10-09 12:18:14,20.85,0.0,42.0,1540,6.7
2026-10-09 12:18:15,20.92,0.0,42.0,1485,5.9
2026-10-09 12:18:16,21.10,0.0,42.0,1473,3.4
2026-10-09 12:18:17,20.88,0.0,42.0,1478,5.1
2026-10-09 12:18:18,21.29,0.0,42.0,1440,4.7
2026-10-09 12:18:19,21.13,0.0,42.0,1440,2.8
2026-10-09 12:18:20,21.22,1.0,42.0,1435,7.8
2026-10-09 12:18:21,21.17,0.0,42.0,1435,3.4
2026-10-09 12:18:22,21.20,0.0,42.0,1438,9.1
2026-10-09 12:18:23,20.24,0.0,42.0,1438,3.8
2026-10-09 12:18:24,18.60,0.0,42.0,1433,14.4
2026-10-09 12:18:25,18.49,0.0,42.0,1433,4.7
2026-10-09 12:18:26,18.70,3.0,42.0,1438,13.6
2026-10-09 12:18:27,18.67,1.0,42.0,1438,10.7
2026-10-09 12:18:28,18.87,0.0,42.0,1438,9.5
2026-10-09 12:18:29,18.77,0.0,42.0,1433,2.9
2026-10-09 12:18:30,18.70,1.0,42.0,1438,16.3
2026-10-09 12:18:31,20.88,2.0,42.0,1435,8.4
2026-10-09 12:18:32,18.87,1.0,42.0,1431,15.2
2026-10-09 12:18:33,18.73,0.0,42.0,1431,12.1
2026-10-09 12:18:34,18.69,0.0,42.0,1431,4.3
2026-10-09 12:18:35,18.68,0.0,42.0,1431,5.1
2026-10-09 12:18:36,18.72,0.0,42.0,1428,6.0
2026-10-09 12:18:37,18.64,0.0,42.0,1428,7.7
2026-10-09 12:18:38,18.48,0.0,42.0,1428,4.7
2026-10-09 12:18:39,18.71,0.0,42.0,1428,3.6
2026-10-09 12:18:40,18.70,0.0,42.0,1428,9.8
2026-10-09 12:18:42,18.67,1.0,42.0,1435,10.2
2026-10-09 12:18:43,18.58,0.0,42.0,1435,6.6
2026-10-09 12:18:44,19.53,0.0,42.0,1435,3.2
2026-10-09 12:18:45,19.43,0.0,42.0,1538,9.6
2026-10-09 12:18:46,18.89,0.0,42.0,1533,5.7
2026-10-09 12:18:47,18.64,1.0,42.0,1410,7.6
2026-10-09 12:18:48,18.62,1.0,42.0,1390,2.5
2026-10-09 12:18:49,18.86,0.0,42.0,1390,4.2
2026-10-09 12:18:50,18.61,0.0,42.0,1356,5.6
2026-10-09 12:18:51,18.63,0.0,42.0,1356,3.8
2026-10-09 12:18:52,18.64,0.0,42.0,1356,5.5
2026-10-09 12:18:53,18.72,0.0,41.0,1356,4.5
2026-10-09 12:18:54,18.71,0.0,41.0,1356,4.6
2026-10-09 12:18:55,18.63,0.0,41.0,1356,7.6
2026-10-09 12:18:56,18.68,0.0,41.0,1356,3.8
2026-10-09 12:18:57,18.78,0.0,41.0,1356,3.0
2026-10-09 12:18:58,18.69,0.0,41.0,1356,2.9
2026-10-09 12:18:59,18.66,1.0,41.0,1356,6.1
2026-10-09 12:19:00,18.57,0.0,41.0,1356,4.9
2026-10-09 12:19:01,18.94,0.0,41.0,1356,8.6
2026-10-09 12:19:02,18.86,0.0,41.0,1356,11.9
2026-10-09 12:19:03,21.29,1.0,41.0,1356,2.1
2026-10-09 12:19:04,22.01,1.0,41.0,1356,5.9
2026-10-09 12:19:05,21.95,0.0,41.0,1356,4.2
2026-10-09 12:19:06,21.50,1.0,41.0,1363,6.1
2026-10-09 12:19:07,19.48,0.0,41.0,1363,5.1
2026-10-09 12:19:08,20.05,0.0,41.0,1505,12.6
2026-10-09 12:19:10,20.83,1.0,41.0,1495,5.7
2026-10-09 12:19:11,19.56,1.0,41.0,1507,5.3
2026-10-09 12:19:12,18.49,0.0,41.0,1494,2.4
2026-10-09 12:19:13,18.57,0.0,41.0,1459,5.9
2026-10-09 12:19:14,18.55,1.0,41.0,1436,2.1
2026-10-09 12:19:15,20.17,0.0,41.0,1436,5.5
2026-10-09 12:19:16,20.57,0.0,41.0,1504,9.6
2026-10-09 12:19:17,20.47,0.0,41.0,1504,10.6
2026-10-09 12:19:18,19.96,1.0,41.0,1504,6.4
2026-10-09 12:19:19,20.47,0.0,41.0,1551,7.8
2026-10-09 12:19:20,21.22,0.0,41.0,1509,6.4
2026-10-09 12:19:21,19.20,2.0,41.0,1558,9.9
2026-10-09 12:19:22,27.62,0.0,42.0,1513,8.5
2026-10-09 12:19:23,52.07,0.0,42.0,1511,6.1
2026-10-09 12:19:24,51.90,0.0,42.0,1406,3.0
2026-10-09 12:19:25,51.82,0.0,42.0,1397,3.6
2026-10-09 12:19:26,36.81,0.0,41.0,1399,1.3
2026-10-09 12:19:27,32.87,1.0,41.0,1401,25.7
2026-10-09 12:19:28,47.53,0.0,42.0,1389,26.9
2026-10-09 12:19:29,51.73,0.0,42.0,1390,8.0
2026-10-09 12:19:30,51.50,0.0,42.0,1389,3.2
2026-10-09 12:19:31,36.73,0.0,41.0,1382,8.4
2026-10-09 12:19:32,31.19,0.0,41.0,1378,8.9
2026-10-09 12:19:33,28.43,0.0,41.0,1555,8.6
2026-10-09 12:19:34,21.73,0.0,41.0,1498,4.3
2026-10-09 12:19:35,36.15,0.0,42.0,1498,4.1
2026-10-09 12:19:36,51.67,0.0,42.0,1497,7.6
2026-10-09 12:19:37,51.69,0.0,42.0,1497,7.5
2026-10-09 12:19:38,44.53,0.0,42.0,1454,3.0
2026-10-09 12:19:40,32.85,0.0,41.0,1454,3.0
2026-10-09 12:19:41,28.77,0.0,41.0,1454,4.7
2026-10-09 12:19:42,23.84,0.0,41.0,1454,3.4
2026-10-09 12:19:43,23.05,0.0,41.0,1454,6.8
2026-10-09 12:19:44,22.70,0.0,41.0,1454,4.9
2026-10-09 12:19:45,22.85,0.0,41.0,1454,4.5
2026-10-09 12:19:46,22.80,0.0,41.0,1445,3.6
2026-10-09 12:19:47,22.68,0.0,41.0,1445,6.5
2026-10-09 12:19:48,22.75,0.0,41.0,1440,3.6
2026-10-09 12:19:49,22.67,0.0,41.0,1440,9.1
2026-10-09 12:19:50,22.74,0.0,41.0,1440,4.7
2026-10-09 12:19:51,22.63,0.0,41.0,1440,4.6
2026-10-09 12:19:52,22.59,0.0,41.0,1440,3.3
2026-10-09 12:19:53,22.65,0.0,41.0,1440,4.7
2026-10-09 12:19:54,22.48,0.0,41.0,1440,2.3
2026-10-09 12:19:55,22.34,0.0,41.0,1440,3.4
2026-10-09 12:19:56,22.42,0.0,41.0,1440,4.0
2026-10-09 12:19:57,22.33,0.0,41.0,1435,6.2
2026-10-09 12:19:58,22.36,0.0,41.0,1449,8.3
2026-10-09 12:19:59,22.38,1.0,41.0,1449,6.5
2026-10-09 12:20:00,22.33,0.0,41.0,1449,4.0
2026-10-09 12:20:01,22.34,1.0,41.0,1449,5.3
2026-10-09 12:20:02,22.08,0.0,41.0,1449,3.6
2026-10-09 12:20:03,21.94,0.0,41.0,1441,4.9
2026-10-09 12:20:04,21.97,1.0,41.0,1441,5.6
2026-10-09 12:20:05,22.39,1.0,41.0,1449,4.1
2026-10-09 12:20:06,22.28,0.0,41.0,1449,4.1
2026-10-09 12:20:08,22.21,0.0,41.0,1449,9.6
2026-10-09 12:20:09,22.32,0.0,41.0,1449,6.2
2026-10-09 12:20:10,22.25,0.0,41.0,1449,4.4
2026-10-09 12:20:11,22.38,1.0,41.0,1449,2.2
2026-10-09 12:20:12,22.61,0.0,41.0,1449,3.8
2026-10-09 12:20:13,22.54,0.0,41.0,1449,5.0
2026-10-09 12:20:14,22.54,1.0,41.0,1449,3.6
2026-10-09 12:20:15,22.47,0.0,41.0,1449,4.0
2026-10-09 12:20:16,19.23,0.0,41.0,1449,6.2
2026-10-09 12:20:17,18.38,0.0,41.0,1449,3.8
2026-10-09 12:20:18,18.29,0.0,41.0,1449,10.2
2026-10-09 12:20:19,18.25,0.0,41.0,1449,4.0
2026-10-09 12:20:20,18.17,1.0,41.0,1441,4.0
2026-10-09 12:20:21,18.28,0.0,40.0,1441,3.2
2026-10-09 12:20:22,18.37,0.0,40.0,1449,3.9
2026-10-09 12:20:23,18.29,0.0,40.0,1449,1.9
2026-10-09 12:20:24,18.50,1.0,40.0,1441,3.2
2026-10-09 12:20:25,18.29,0.0,40.0,1441,2.7
2026-10-09 12:20:26,18.47,1.0,40.0,1449,5.1
2026-10-09 12:20:27,18.21,0.0,40.0,1449,5.0
2026-10-09 12:20:28,18.37,0.0,40.0,1441,8.1
2026-10-09 12:20:29,18.37,0.0,40.0,1441,3.8
2026-10-09 12:20:30,18.17,0.0,40.0,1449,7.1
2026-10-09 12:20:31,18.32,1.0,40.0,1449,5.1
2026-10-09 12:20:32,18.13,0.0,40.0,1449,4.9
2026-10-09 12:20:33,18.36,1.0,40.0,1449,5.8
2026-10-09 12:20:34,18.33,0.0,40.0,1449,3.2
2026-10-09 12:20:36,18.26,1.0,40.0,1440,4.0
2026-10-09 12:20:37,18.26,0.0,40.0,1440,8.2
2026-10-09 12:20:38,18.28,0.0,40.0,1440,3.8
2026-10-09 12:20:39,18.22,0.0,40.0,1440,4.7
2026-10-09 12:20:40,18.46,0.0,40.0,1435,9.2
2026-10-09 12:20:41,18.39,0.0,40.0,1435,7.9
2026-10-09 12:20:42,18.52,1.0,40.0,1449,4.6
2026-10-09 12:20:43,18.55,1.0,40.0,1449,4.5
2026-10-09 12:20:44,18.59,1.0,40.0,1449,7.4
2026-10-09 12:20:45,18.57,1.0,40.0,1449,2.7
2026-10-09 12:20:46,18.37,0.0,40.0,1449,4.1
2026-10-09 12:20:47,18.34,0.0,40.0,1449,5.8
2026-10-09 12:20:48,18.35,0.0,40.0,1449,4.5
2026-10-09 12:20:49,18.40,1.0,40.0,1449,5.3
2026-10-09 12:20:50,18.43,1.0,40.0,1456,14.0
2026-10-09 12:20:51,19.46,1.0,40.0,1410,11.8
2026-10-09 12:20:52,18.32,1.0,40.0,1362,6.1
2026-10-09 12:20:53,18.17,1.0,40.0,1362,7.4
2026-10-09 12:20:54,18.42,1.0,40.0,1411,10.1
2026-10-09 12:20:55,18.45,0.0,40.0,1455,5.1
2026-10-09 12:20:56,18.37,1.0,40.0,1454,6.4
2026-10-09 12:20:57,25.42,0.0,41.0,1455,6.8
2026-10-09 12:20:58,51.56,0.0,41.0,1455,10.2
2026-10-09 12:20:59,51.48,0.0,41.0,1455,3.4
2026-10-09 12:21:00,51.42,0.0,41.0,1455,5.7
2026-10-09 12:21:01,33.82,0.0,40.0,1457,5.1
2026-10-09 12:21:02,33.90,0.0,40.0,1461,7.7
2026-10-09 12:21:03,30.09,0.0,40.0,1458,4.9
2026-10-09 12:21:04,34.01,0.0,41.0,1533,14.1
2026-10-09 12:21:06,51.35,0.0,41.0,1483,7.5
2026-10-09 12:21:07,51.34,0.0,41.0,1478,2.8
